x,y,z,uuid,type,alive,display_name,custom_name
4.433205557373299,96.0,10.290934496004304,6db9e127-93e5-463b-9290-7a6cbd2c46b3,minecraft:piglin,true,Piglin,[null]
31.599733658430676,72.0,31.80648077476624,746db4c2-404e-4528-9cb7-1b7fc7234c86,minecraft:zombified_piglin,true,Zombified Piglin,[null]
5.773639379327166,72.0,24.507030142762765,2a134d46-e984-4849-9982-9c9263ea4e06,minecraft:zombified_piglin,true,Zombified Piglin,[null]
1.511253642449794,104.0,22.791042122886488,65339695-e618-4b5f-beab-4fc9df2461ec,minecraft:zombified_piglin,true,Zombified Piglin,[null]
-13.607803971394508,95.0,16.663368642829955,9904c229-7cb6-41cc-be70-8766e62fc467,minecraft:zombified_piglin,true,Zombified Piglin,[null]
-10.168779704391094,95.0,18.826310385274958,a7f5661d-6687-4267-a22d-1ccc52b2528a,minecraft:zombified_piglin,true,Zombified Piglin,[null]
-0.2188654830262076,72.0,1.442558146500646,9aab2aca-ed0b-4c8b-966d-6db95d1b04e3,minecraft:zombified_piglin,true,Zombified Piglin,[null]
-11.5,94.0,6.5,f6c79c55-11ca-4110-a571-a09a7204337c,minecraft:zombified_piglin,true,Zombified Piglin,[null]
-10.5,94.0,10.5,d0eec853-e42b-4ce5-89b3-9c8278cded3c,minecraft:zombified_piglin,true,Zombified Piglin,[null]
-10.5,94.0,6.5,97f80f51-ee3d-465b-8663-745a2022bd25,minecraft:zombified_piglin,true,Zombified Piglin,[null]
-13.5,94.0,7.5,2ec7b1fa-c3bf-4452-ae26-8439623d0805,minecraft:zombified_piglin,true,Zombified Piglin,[null]
33.81497067317724,56.0,-1.5015259577584403,f1cf364d-d18e-4698-a8f3-0b04b47db8ec,minecraft:zombified_piglin,true,Zombified Piglin,[null]
36.236646620608106,55.0,-4.80619538002797,f5455246-4e9c-4a76-a271-5d0fcc694b68,minecraft:zombified_piglin,true,Zombified Piglin,[null]
39.442453816769934,63.875,-7.416406801580512,4343a127-0355-444e-8977-c514c12680bb,minecraft:zombified_piglin,true,Zombified Piglin,[null]
38.02261284420325,63.875,-5.392232219770596,3ce89586-f413-4639-b095-db29844b3b0f,minecraft:zombified_piglin,true,Zombified Piglin,[null]
6.699999988079071,62.0,45.30000001192093,78353cee-d4f2-4b48-88f2-a6efecca7260,minecraft:zombified_piglin,true,Zombified Piglin,[null]
-17.5,95.0,11.5,39de505a-008b-4765-b61e-43430344b374,minecraft:zombified_piglin,true,Zombified Piglin,[null]
-20.5,95.0,12.5,8dd01c48-f25d-40ed-96b2-77dbe7bb12dd,minecraft:zombified_piglin,true,Zombified Piglin,[null]
62.182944407191194,79.0,61.80208297776402,3b7f5183-5a72-429d-81c7-4240d87bc84c,minecraft:piglin,true,Piglin,[null]
62.5,32.0,-6.5,812457e2-da4c-4534-ad20-66fb0a9432ba,minecraft:zombified_piglin,true,Zombified Piglin,[null]
9.254438977994361,62.0,48.46056873762084,e589c75b-4cf9-424a-8c13-cf6e3303ba22,minecraft:zombified_piglin,true,Zombified Piglin,[null]
-17.496739162221733,50.0,51.787292185005704,ec23fad8-16de-4c82-91fe-84096fe6f35c,minecraft:zombified_piglin,true,Zombified Piglin,[null]
-30.770604585504294,96.0,59.19440604693168,ef1c57ad-a8e3-419e-80a6-e997fc56a721,minecraft:zombified_piglin,true,Zombified Piglin,[null]
-39.5,95.0,56.5,11fd9473-d0c1-4865-9103-e7e8e42c9223,minecraft:zombified_piglin,true,Zombified Piglin,[null]
-39.5,95.0,55.5,cf17af56-1c72-416f-ad12-fbbad0496e8f,minecraft:zombified_piglin,true,Zombified Piglin,[null]
-35.5,95.0,49.5,7a04d381-ca7e-4c19-96c3-716f29b6623b,minecraft:zombified_piglin,true,Zombified Piglin,[null]
54.5,65.875,-44.5,da274866-94d0-440d-b999-0490831e0a28,minecraft:zombified_piglin,true,Zombified Piglin,[null]
52.908227694803784,65.875,-41.908227694803784,103bebf8-94ee-44c8-b669-52bae0ac8915,minecraft:zombified_piglin,true,Zombified Piglin,[null]
55.5,65.875,-44.5,9a5b0d3e-6d8a-4c48-b9d7-e74d6ec56c4c,minecraft:zombified_piglin,true,Zombified Piglin,[null]
60.51607043670245,65.875,-39.20108541403563,ff5fa5e3-a78b-40ea-8f40-6ee2f1049f95,minecraft:zombified_piglin,true,Zombified Piglin,[null]
52.5,65.875,-46.83760350457347,6a1bc37a-05c4-408f-8fc8-a920cf7a2fda,minecraft:zombified_piglin,true,Zombified Piglin,[null]
18.515104761694623,29.0,-40.12921531978171,8e4ed8e2-12f1-4a76-b816-f577dd8cf697,minecraft:chicken,true,Chicken,[null]
24.169335230241234,55.0,-37.48481813726338,fc90291a-040b-4404-b203-ac0b3577ea9b,minecraft:zombified_piglin,true,Zombified Piglin,[null]
7.5,25.0,-42.5,ef4262dc-add1-4c10-9c2f-dd0917e519c2,minecraft:zombified_piglin,true,Zombified Piglin,[null]
5.5,25.0,-42.13672331312887,67ff0222-914b-405e-8c85-956a90b31d88,minecraft:zombified_piglin,true,Zombified Piglin,[null]
-21.5,56.0,-47.5,c36882b8-2471-4b67-8036-995fcfbfbaba,minecraft:zombified_piglin,true,Zombified Piglin,[null]
-39.5,55.0,-34.5,c7fdbef2-6561-4734-9fc2-e79c945f6499,minecraft:zombified_piglin,true,Zombified Piglin,[null]
43.5,80.0,70.5,87a404f5-17d2-4715-9aaa-d8653a0a2dc5,minecraft:zombified_piglin,true,Zombified Piglin,[null]
-14.5,15.0,78.5,5fc7128a-f0b1-4d72-badb-f4edabd62b6f,minecraft:zombified_piglin,true,Zombified Piglin,[null]
-30.8182256037337,43.0,76.38709190623392,966b1d3f-da27-4aae-8353-2d6394ea4a21,minecraft:zombified_piglin,true,Zombified Piglin,[null]
-27.746789953521034,47.0,73.57226090783712,daedd44b-6c3a-4b63-80f8-da32ba529dfe,minecraft:zombified_piglin,true,Zombified Piglin,[null]
-32.5,43.0,75.5,d5c06488-1f90-40f1-9481-f5f826b782d4,minecraft:zombified_piglin,true,Zombified Piglin,[null]
-61.30811156247804,31.299999952316284,-11.951942183363007,c9e8531c-b24e-4603-aba3-6192c327a63d,minecraft:strider,true,Strider,[null]
-58.50382277877677,31.5,-12.550000011920929,dab73b69-8aba-4bef-b646-759a8a829acc,minecraft:strider,true,Strider,[null]
-63.490149668112196,31.5,-11.550000011920929,a2a93a69-5f14-42e9-ab77-5ea46d6f0b0b,minecraft:strider,true,Strider,[null]
-63.10049419075298,31.5,-9.713365528365433,f849e059-81cf-4e91-a412-585506166df6,minecraft:strider,true,Strider,[null]
75.50895310286008,18.0,30.80651562828782,bcbc74f8-75d0-4847-a877-0d78d74e1999,minecraft:zombified_piglin,true,Zombified Piglin,[null]
78.52436033527664,95.0,28.282329846454914,7fc699b6-5903-424f-949a-c71ca869a28c,minecraft:zombified_piglin,true,Zombified Piglin,[null]
72.5759281830357,80.0,28.82363102155725,bb7dde67-748b-4f84-88b6-e2a0e8e3bd29,minecraft:piglin,true,Piglin,[null]
67.5,77.0,38.5,b5908ef5-c159-4b45-b2a5-55784ae4967b,minecraft:zombified_piglin,true,Zombified Piglin,[null]
77.5,78.0,43.5,a7ec7cf0-5cd4-4aaf-b923-a91939b78e0b,minecraft:zombified_piglin,true,Zombified Piglin,[null]
76.5,80.0,56.5,19645db5-7c45-41de-8e24-133bec4d4cd5,minecraft:zombified_piglin,true,Zombified Piglin,[null]
69.5,80.0,58.5,47d293a7-1b3f-49bd-b86d-01b3450a411e,minecraft:zombified_piglin,true,Zombified Piglin,[null]
-64.2007822036878,39.0,28.500004970290075,1181a72f-f402-4002-82aa-203294ad7096,minecraft:zombified_piglin,true,Zombified Piglin,[null]
-49.5,92.0,91.5,df112613-0943-4ee9-b661-1e6c47f227b6,minecraft:zombified_piglin,true,Zombified Piglin,[null]
-46.5,92.0,92.5,eff1e1c7-d814-4a13-958f-88eb71f7efd5,minecraft:zombified_piglin,true,Zombified Piglin,[null]
13.5,41.0,-64.5,950a86dc-aad0-4c34-89a6-108fb7d2fe57,minecraft:zombified_piglin,true,Zombified Piglin,[null]
94.5,81.0,1.5,fc5ff2a6-d848-4c64-ab03-31a267116074,minecraft:zombified_piglin,true,Zombified Piglin,[null]
84.50247117116822,89.0,18.960296545043963,63eb96b1-7b77-4bd6-9ee8-c9a1717cca98,minecraft:zombified_piglin,true,Zombified Piglin,[null]
84.5,14.0,49.5,3895ea88-0861-4c16-8386-deb07e81fa20,minecraft:zombified_piglin,true,Zombified Piglin,[null]
83.5,14.0,50.5,9bd2efde-5712-4588-af7b-104e9e391738,minecraft:zombified_piglin,true,Zombified Piglin,[null]
98.98850831253266,47.0,4.347900842350581,8e655602-8b21-4d88-acf8-55f524b08f90,minecraft:piglin,true,Piglin,[null]
94.2593668377769,84.0,11.635080097998564,42a97d46-81ee-4b19-8173-68be59d5a4b4,minecraft:zombified_piglin,true,Zombified Piglin,[null]
96.52794121943182,83.0,88.03587594246638,c7729e2c-86c4-4fb7-959a-f06552c33f4a,minecraft:zombified_piglin,true,Zombified Piglin,[null]
19.5,81.0,110.5,d4c4b62b-93c6-4cb5-907f-82d1a6c9d314,minecraft:zombified_piglin,true,Zombified Piglin,[null]
47.39935732413689,72.0,112.63266211718509,dbedc463-22f1-42b2-bbeb-14cb0d638840,minecraft:piglin,true,Piglin,[null]
-27.5,87.0,118.5,acc36134-fdd9-4945-8575-39fd05ca160a,minecraft:zombified_piglin,true,Zombified Piglin,[null]
114.5,81.0,23.5,8f3dd50d-658e-4c18-9fdc-f9a43f1d616a,minecraft:zombified_piglin,true,Zombified Piglin,[null]
42.5,57.0,126.5,2ec45a60-481c-46e4-93ea-c6bf873bef18,minecraft:zombified_piglin,true,Zombified Piglin,[null]
47.50817032478395,58.0,124.48099954400155,06ec126f-03b6-4ac4-9a44-9cc11866806a,minecraft:zombified_piglin,true,Zombified Piglin,[null]
63.5,91.0,120.5,37b46b1c-93ab-49a4-9c3b-96ef7abf054f,minecraft:zombified_piglin,true,Zombified Piglin,[null]
67.5,80.0,127.12271895693333,c747db87-9c05-4fa6-b693-10d78f9bf259,minecraft:zombified_piglin,true,Zombified Piglin,[null]
45.5,67.0,132.5,53550788-7c91-4fcc-9264-41c099c772df,minecraft:zombified_piglin,true,Zombified Piglin,[null]
46.5,67.0,132.5,8d7757a7-c5eb-440c-9755-83169015eb45,minecraft:zombified_piglin,true,Zombified Piglin,[null]
-8.5,85.0,134.5,8175ed7e-f7fa-4641-a66f-c78b2342918c,minecraft:zombified_piglin,true,Zombified Piglin,[null]
