x,y,z,visibility,load_status,entity_count
0,6,0,TICKING,LOADED,1
0,3,2,TICKING,LOADED,1
1,1,-3,TICKING,LOADED,1
1,3,-3,TICKING,LOADED,1
-1,5,8,TICKING,LOADED,1
5,0,3,TICKING,LOADED,2
5,5,1,TICKING,LOADED,1
-1,5,1,TICKING,LOADED,2
7,5,1,TICKING,LOADED,1
3,5,7,TICKING,LOADED,1
4,1,1,TICKING,LOADED,1
4,5,1,TICKING,LOADED,2
-2,5,7,TICKING,LOADED,1
3,2,-1,TICKING,LOADED,1
-5,2,1,TICKING,LOADED,1
-3,5,5,TICKING,LOADED,1
2,4,8,TICKING,LOADED,2
-2,3,3,TICKING,LOADED,1
-2,6,3,TICKING,LOADED,1
4,5,3,TICKING,LOADED,2
4,5,7,TICKING,LOADED,1
-2,3,-3,TICKING,LOADED,1
2,5,4,TICKING,LOADED,1
0,1,-3,TICKING,LOADED,2
0,3,3,TICKING,LOADED,1
0,4,1,TICKING,LOADED,1
0,6,1,TICKING,LOADED,1
1,5,6,TICKING,LOADED,1
0,2,-5,TICKING,LOADED,1
5,5,0,TICKING,LOADED,2
-1,4,0,TICKING,LOADED,1
-1,5,0,TICKING,LOADED,4
6,2,0,TICKING,LOADED,1
-3,2,4,TICKING,LOADED,1
1,4,1,TICKING,LOADED,1
-2,2,4,TICKING,LOADED,2
3,4,3,TICKING,LOADED,1
-1,0,4,TICKING,LOADED,1
-3,3,-3,TICKING,LOADED,1
3,4,-3,TICKING,LOADED,5
2,3,-1,TICKING,LOADED,4
-3,5,3,TICKING,LOADED,3
2,3,7,TICKING,LOADED,2
2,4,7,TICKING,LOADED,1
-2,5,0,TICKING,LOADED,2
-4,5,5,TICKING,LOADED,1
-4,1,-1,TICKING,LOADED,4
6,5,5,TICKING,LOADED,1
4,4,2,TICKING,LOADED,2
