x,y,z,visibility,load_status,entity_count
-5,3,-3,TICKING,LOADED,1
4,3,-1,TICKING,LOADED,1
1,3,-3,TICKING,LOADED,1
0,3,-4,TICKING,LOADED,1
-2,2,5,TICKING,LOADED,1
-4,3,0,TICKING,LOADED,2
1,3,-4,TICKING,LOADED,2
-1,2,3,TICKING,LOADED,1
1,3,-2,TICKING,LOADED,1
-1,3,-3,TICKING,LOADED,1
-1,3,-5,TICKING,LOADED,2
1,2,3,TICKING,LOADED,1
-1,3,-4,TICKING,LOADED,1
-4,3,4,TICKING,LOADED,4
-3,3,-1,TICKING,LOADED,1
5,3,-2,TICKING,LOADED,1
-4,3,2,TICKING,LOADED,3
0,5,-3,TICKING,LOADED,1
4,3,-4,TICKING,LOADED,1
5,3,-1,TICKING,LOADED,4
5,3,0,TICKING,LOADED,1
-1,3,-6,TICKING,LOADED,3
-4,3,3,TICKING,LOADED,1
-6,3,-1,TICKING,LOADED,1
-5,3,-1,TICKING,LOADED,1
6,3,0,TICKING,LOADED,1
-3,3,-4,TICKING,LOADED,2
3,1,1,TICKING,LOADED,1
3,3,1,TICKING,LOADED,1
-3,2,4,TICKING,LOADED,3
-3,3,4,TICKING,LOADED,1
3,1,2,TICKING,LOADED,1
4,3,-2,TICKING,LOADED,1
-3,3,-3,TICKING,LOADED,2
1,3,-5,TICKING,LOADED,1
-4,3,-1,TICKING,LOADED,6
2,3,-3,TICKING,LOADED,1
-3,3,3,TICKING,LOADED,1
4,2,-6,TICKING,LOADED,1
4,3,2,TICKING,LOADED,3
-2,3,-6,TICKING,LOADED,1
3,1,-4,TICKING,LOADED,1
0,3,-6,TICKING,LOADED,1
-2,3,-4,TICKING,LOADED,1
2,3,3,TICKING,LOADED,3
2,3,1,TICKING,LOADED,1
