x,y,z,uuid,type,alive,display_name,custom_name
27.297414733040295,60.0,-30.290630014825776,434fcd23-0637-4a39-8310-3ec40521b679,minecraft:enderman,true,Enderman,[null]
44.47354790255274,61.0,24.95900645033807,f6a9a15e-7119-45e8-85fd-1723702a1d1f,minecraft:enderman,true,Enderman,[null]
2.8057054617145227,83.65189170961855,-41.01827851617368,c91a29b6-9223-462b-afc4-f1915b80cac7,minecraft:ender_dragon,true,Ender Dragon,[null]
-39.978961064073914,61.0,-13.978692391742293,1dfc64ac-2fa3-4cbc-87cf-e53a95637245,minecraft:enderman,true,Enderman,[null]
-44.5,60.0,-46.5,cabf6a2d-a9d5-4bda-9eb9-db962964c6f0,minecraft:enderman,true,Enderman,[null]
-34.5,60.0,-47.5,f4ec1df6-77d9-498b-ab50-d906c4d1f7c8,minecraft:enderman,true,Enderman,[null]
-9.362512414466606,63.0,-47.64301693016974,28001a94-3d6e-44da-8a04-dc738ad9b3e2,minecraft:enderman,true,Enderman,[null]
30.60574669918872,58.0,-38.17160894924429,cac98211-3317-47ca-bf1c-5e500241d893,minecraft:enderman,true,Enderman,[null]
53.5,25.0,31.5,d046665b-a612-45e2-bc4e-71eef72ce992,minecraft:enderman,true,Enderman,[null]
50.50475754753392,60.0,27.82648732685169,26c5eca7-4513-40cc-b20f-bde8a1ed7d7b,minecraft:enderman,true,Enderman,[null]
53.5,25.0,42.5,09c992d7-09ab-40cf-a9d4-eb5fad6183dd,minecraft:enderman,true,Enderman,[null]
-37.5,49.0,62.5,8a3999ca-8800-45d0-bae3-d3218cba4c7c,minecraft:enderman,true,Enderman,[null]
-8.36255133220911,36.0,59.47174888521959,63d080e3-37ed-4de7-8c51-16e19bc10cfb,minecraft:enderman,true,Enderman,[null]
27.5,32.0,62.5,620e46b9-8c31-42e2-89c6-832be626cfc1,minecraft:enderman,true,Enderman,[null]
37.674219827256465,59.0,60.325962107315064,bb025754-b4aa-4638-a5e2-56bff10192c6,minecraft:enderman,true,Enderman,[null]
36.65023070413885,59.0,56.3397144180854,4174f4cb-db99-453c-9be9-36fbd08ee736,minecraft:enderman,true,Enderman,[null]
37.39718719360436,59.0,61.33896210046122,7943b6ac-14dd-46cf-bed4-fb5f5c10f95e,minecraft:enderman,true,Enderman,[null]
33.5,57.0,-37.5,4a1badf7-907a-4727-8725-ef7596d2af12,minecraft:enderman,true,Enderman,[null]
-52.88482395380065,58.0,3.9035921771224524,5a72233c-ec12-449a-9045-2b6afe23c4eb,minecraft:enderman,true,Enderman,[null]
-53.81256869849662,58.0,1.8125857243405568,e15d1999-e605-4705-b478-506d7f280953,minecraft:enderman,true,Enderman,[null]
-51.25038328764661,58.0,-3.2116775000398956,cc261a79-700b-40e2-9157-3087e8de8bc3,minecraft:enderman,true,Enderman,[null]
-53.41927995814617,58.0,-0.5775399960427763,cbda5a06-b3f3-46f4-bfa7-fa80d40761d0,minecraft:enderman,true,Enderman,[null]
-54.360708430406035,58.0,-1.6568676736901295,f195c5b4-3b0e-4029-9a5c-c05be74825cc,minecraft:enderman,true,Enderman,[null]
-55.76587021726343,58.0,-2.246920403490286,e26d9fa7-afa3-47b1-9602-5e4d0ea7aeba,minecraft:enderman,true,Enderman,[null]
-48.74857774091226,59.0,-10.253553581611305,c99351cf-0d1f-4ed8-976d-dfc01f5c31d6,minecraft:enderman,true,Enderman,[null]
-48.022614662666946,59.0,-2.0116919200793166,1c4f9922-69dd-414e-b930-dd478e66f800,minecraft:enderman,true,Enderman,[null]
-42.5,60.0,-52.5,75015d21-7203-40c7-a9a7-37a31d445f5e,minecraft:enderman,true,Enderman,[null]
-45.5,60.0,-51.5,cc8781a7-cee7-4b5e-a4e6-85f0958df350,minecraft:enderman,true,Enderman,[null]
-16.26452338992808,62.0,-48.741746725073206,bface6b6-3492-40a3-8e38-be7fa949b545,minecraft:enderman,true,Enderman,[null]
-6.685031314147089,62.0,-61.3149420963761,3e9758cd-aa24-4a9f-bb0b-016e49095c1e,minecraft:enderman,true,Enderman,[null]
11.5,58.0,-62.5,07f40a77-815e-4c9b-9f43-d3c0dbca4fe4,minecraft:enderman,true,Enderman,[null]
26.510205966512785,59.0,-59.71913199618725,14696531-d641-484d-b41f-ad6f6e6a3bdf,minecraft:enderman,true,Enderman,[null]
25.65351096247312,60.0,-62.35533424958717,dd6bdb24-bbaf-4e51-8633-1901d1345df2,minecraft:enderman,true,Enderman,[null]
-50.31087403005698,55.0,34.5,e1628c78-2f74-47c2-8714-a2faaaada70b,minecraft:enderman,true,Enderman,[null]
-60.56155333156583,50.0,43.43860676452517,0e63a16a-c970-4d3a-ab68-6f233a723a7b,minecraft:enderman,true,Enderman,[null]
-60.5,50.0,47.5,01eabd6b-9499-42f7-bb0b-1d60d23a8070,minecraft:enderman,true,Enderman,[null]
-51.5,50.0,50.5,febf84f4-d435-4ae3-a993-c7ffc9e810df,minecraft:enderman,true,Enderman,[null]
67.49723106875523,58.0,39.56858825450136,3fd09e2a-a45d-46ea-8885-54fa9798c261,minecraft:enderman,true,Enderman,[null]
66.5,58.0,38.5,48b9cd3a-1cfe-4077-b08d-a84135511b89,minecraft:enderman,true,Enderman,[null]
67.5,58.0,42.5,2cd853ce-f795-4299-83d8-2467cb2da8a4,minecraft:enderman,true,Enderman,[null]
-55.555149157157196,50.0,72.62042773065728,b0f34748-cd9f-48f9-b317-f9fac5b47815,minecraft:enderman,true,Enderman,[null]
-55.59877956723741,50.0,67.13026841526123,4aadf136-7cd4-432e-baf8-5fc2ff07e5d4,minecraft:enderman,true,Enderman,[null]
-56.45810646692704,50.0,72.30340924658708,034b6079-6b69-4705-a525-546f1423cb9b,minecraft:enderman,true,Enderman,[null]
-54.54833153522544,50.0,66.9823794273724,66cc5c8b-bb7e-4c3c-8a8f-0fd0f82f432d,minecraft:enderman,true,Enderman,[null]
-34.5,47.0,66.5,f60ca465-303b-4a90-85cd-99c0cd78f457,minecraft:enderman,true,Enderman,[null]
-35.89024491001242,47.0,68.05959731094958,d4af207e-904b-4a9e-849f-12561c2447b1,minecraft:enderman,true,Enderman,[null]
-37.5,47.0,69.5,5af35e93-026c-42b9-8e31-6ab1123ca1b5,minecraft:enderman,true,Enderman,[null]
-35.11600354314389,48.0,67.09955311986832,b702baab-ae94-4f44-a27f-446df22eefc5,minecraft:enderman,true,Enderman,[null]
52.40523189798797,29.0,-57.244919322264,93c936d3-6a4c-41eb-9afa-c61caaaf8e0e,minecraft:enderman,true,Enderman,[null]
78.81988006161635,59.0,-13.771024883885392,9bc03a31-9033-44ca-bc48-43683601c277,minecraft:enderman,true,Enderman,[null]
74.48444377273881,59.0,-23.748655129555132,47908c96-5735-4642-b3cd-dc16df674596,minecraft:enderman,true,Enderman,[null]
71.5,58.0,-49.5,1b09931b-c364-4298-932e-70d010d1ec93,minecraft:enderman,true,Enderman,[null]
-79.73578011498671,58.0,-11.25712207690077,5619abb5-537d-4ba6-abfe-5a2130245192,minecraft:enderman,true,Enderman,[null]
-73.5,57.0,-35.5,01f0c590-cc51-4e68-9c48-144e03c0778d,minecraft:enderman,true,Enderman,[null]
-15.5,59.0,-77.5,75e4a8f0-2f82-41c0-a52b-df6ca71fdb49,minecraft:enderman,true,Enderman,[null]
-1.5,59.0,-79.5,f56bc779-d2cf-4f20-97f9-e2ea9b1de167,minecraft:enderman,true,Enderman,[null]
29.5,58.0,-68.5,02659f66-7839-4b42-82d0-b0ef2f529952,minecraft:enderman,true,Enderman,[null]
80.78867098858284,58.0,12.211401005531984,20b657c1-43c9-48f4-8bf3-994712673407,minecraft:enderman,true,Enderman,[null]
-29.5,35.0,80.5,920b1127-6d1b-4173-950f-a8e7864d2db6,minecraft:enderman,true,Enderman,[null]
89.5,58.0,-6.5,91565716-04d8-495d-bd20-1410f3b94345,minecraft:enderman,true,Enderman,[null]
94.5,58.0,-9.5,fc591c3f-805b-4a49-b2ba-4452a5afe8a4,minecraft:enderman,true,Enderman,[null]
88.5,58.0,-6.5,4fbe4710-9ff6-4af5-b628-e577e748ec8b,minecraft:enderman,true,Enderman,[null]
89.5,58.0,-7.5,e7ec1a05-acf3-470c-a5c3-0896f7ef8d70,minecraft:enderman,true,Enderman,[null]
83.65525913938342,58.0,-16.818643679390064,5d44b24c-3ab9-44d0-a2b9-fd0cb009f7cd,minecraft:enderman,true,Enderman,[null]
-84.5,57.0,-9.5,56da2784-5f37-4592-8308-3132840d45d6,minecraft:enderman,true,Enderman,[null]
-16.5,57.0,-90.5,3750b8c1-1d21-4623-98af-2b0222cc7cb0,minecraft:enderman,true,Enderman,[null]
-13.165180740861585,58.0,-84.59729016562568,6c1cb120-04f9-4713-84bc-1c1bc9bad4dc,minecraft:enderman,true,Enderman,[null]
-13.5,57.0,-91.5,f4d76c27-4992-47ad-bb42-22f0f9db5f3a,minecraft:enderman,true,Enderman,[null]
1.6553505854817396,59.0,-82.35506924769265,af26d4de-c99b-4dce-b9a1-ade2671942bf,minecraft:enderman,true,Enderman,[null]
-0.6166640920640212,59.0,-83.49872757447484,c5607539-f2e2-4659-a245-5e87d04dbce5,minecraft:enderman,true,Enderman,[null]
97.12926736475067,55.0,10.860107247741384,4d3d2c26-8821-4fb6-a3ab-1c7677f383ee,minecraft:enderman,true,Enderman,[null]
67.5,37.0,-80.5,d1caead3-51af-4b1a-84bb-143878da5995,minecraft:enderman,true,Enderman,[null]
