x,y,z,uuid,type,alive,display_name,custom_name
-30.69999998807907,46.0,1.300000011920929,cc9b6348-0262-44c3-8148-74c7ab9e01cf,minecraft:zombified_piglin,true,Zombified Piglin,[null]
-29.973870238242625,46.0,1.9740061069385926,ea21cd4d-b3d5-4633-8ecd-86408c45f4d5,minecraft:zombified_piglin,true,Zombified Piglin,[null]
-19.1127645409783,44.0,-7.808281502179152,5be167da-26a0-439c-95ab-edb55cd94dd3,minecraft:zombified_piglin,true,Zombified Piglin,[null]
-27.258744076451244,44.0,-0.8053984813188277,a4603317-c46a-481d-9dc0-1b9cf078bd58,minecraft:zombified_piglin,true,Zombified Piglin,[null]
-13.570972051293165,43.0,-6.347437284467637,352de00b-2d6b-474a-85b7-93b4c2f6430e,minecraft:zombified_piglin,true,Zombified Piglin,[null]
10.915304592624821,13.0,-12.551574980936518,38efbc69-d3db-49a1-98f1-c146f671ce67,minecraft:zombified_piglin,true,Zombified Piglin,[null]
15.300000011920929,59.0,-6.5,97c9bf60-c18d-43e1-a83e-4f21a18402e8,minecraft:zombified_piglin,true,Zombified Piglin,[null]
-35.478053050162764,48.0,26.127207974062767,aa513999-e10a-4ed1-9d2a-afb1fef7e77f,minecraft:zombified_piglin,true,Zombified Piglin,[null]
-40.503181680792935,103.0,15.200773299673717,133a15d1-089d-4cc9-b8a2-668990c83b83,minecraft:zombified_piglin,true,Zombified Piglin,[null]
-47.45985503600034,60.875,-8.376658180151198,37610991-e7e3-417f-9aaf-8831257d12de,minecraft:zombified_piglin,true,Zombified Piglin,[null]
-36.19039800102394,39.0,-30.471909956218138,3f17d2e3-5867-455f-bc23-20806d422ed9,minecraft:zombified_piglin,true,Zombified Piglin,[null]
-22.5,32.0,-21.5,b3130516-4304-4629-9c9a-79ce212020e1,minecraft:zombified_piglin,true,Zombified Piglin,[null]
-21.860523187262338,32.0,-18.824636487709853,1137e109-35ff-45e1-b918-14a82002968e,minecraft:zombified_piglin,true,Zombified Piglin,[null]
-0.6043027033104958,9.0,-22.47323195974828,e0cedf74-c4b0-4004-95f9-b7803abf3a49,minecraft:zombified_piglin,true,Zombified Piglin,[null]
14.656168263223902,15.0,-20.37162729625391,3d02db2c-ff64-494f-a6f9-9acdac09fca1,minecraft:zombified_piglin,true,Zombified Piglin,[null]
14.510098111396518,102.0,-20.165025273257505,4c23e74e-75a8-4e71-ad68-e90e554562c1,minecraft:zombified_piglin,true,Zombified Piglin,[null]
13.5,103.0,-24.5,af43cc1b-e8c7-44ce-9002-dc5ac4225742,minecraft:zombified_piglin,true,Zombified Piglin,[null]
19.020361366037132,59.0,-6.5,72121159-f78d-489e-9892-521498debfea,minecraft:zombified_piglin,true,Zombified Piglin,[null]
-56.9366642930196,39.0,50.30000001192093,4c02ca85-bba9-436d-82a2-0ca7a576bb19,minecraft:zombified_piglin,true,Zombified Piglin,[null]
-58.53679844271878,45.0,45.81202355669269,ebd08293-3ab6-413f-ab97-4cb3483c957d,minecraft:zombified_piglin,true,Zombified Piglin,[null]
-49.5,17.0,30.5,72eb4860-4762-49d4-84f9-e15b629b389d,minecraft:zombified_piglin,true,Zombified Piglin,[null]
34.5,61.0,-19.5,efde8c89-2ad2-4d3c-88e6-b906a28ab314,minecraft:zombified_piglin,true,Zombified Piglin,[null]
39.512981822367166,89.0,-24.185424363441157,13144b51-63cc-4950-88cf-302175af673d,minecraft:zombified_piglin,true,Zombified Piglin,[null]
33.87806169311495,89.0,-20.477039209522623,fd77fb13-8be6-43c7-9830-f2322aae41a6,minecraft:zombified_piglin,true,Zombified Piglin,[null]
39.653441103324056,84.0,63.632584839354706,8e7304b9-a0fe-48a0-ab17-5fc2bf7ffdb9,minecraft:zombified_piglin,true,Zombified Piglin,[null]
52.795747384121285,13.0,-12.795747384121274,3325a9a5-412e-4742-ab5e-7775e333aefe,minecraft:zombified_piglin,true,Zombified Piglin,[null]
49.024936255311545,13.0,-0.9754660464706171,95933fa5-14a2-4460-9479-c28196bd87db,minecraft:zombified_piglin,true,Zombified Piglin,[null]
62.5,22.0,10.5,2f4af37d-5caf-4b6b-ba92-e2fcef4e4648,minecraft:zombified_piglin,true,Zombified Piglin,[null]
61.47124099433357,78.0,5.518427428886127,dbd84957-4db7-44f1-ad87-e8c11b1c42e3,minecraft:zombified_piglin,true,Zombified Piglin,[null]
62.5,85.0,52.5,5ea9e3f0-0185-46f1-bd51-b9e98538f4c2,minecraft:zombified_piglin,true,Zombified Piglin,[null]
-28.773735509681618,78.0,70.59611515459437,804bf640-bb99-4704-bbf3-bbc75dd9c274,minecraft:zombified_piglin,true,Zombified Piglin,[null]
-3.506630895571689,85.0,75.29043511451185,961ebe88-a1f7-41e2-be03-a145ade0a06f,minecraft:zombified_piglin,true,Zombified Piglin,[null]
-8.514341508337338,84.0,69.63246046938005,7eee7541-f0d4-4347-b4c2-0f6abcbcf6a6,minecraft:zombified_piglin,true,Zombified Piglin,[null]
58.5,70.0,70.5,bd36b8e0-d715-4123-83a8-cdc6098e2ed7,minecraft:zombified_piglin,true,Zombified Piglin,[null]
-76.5,42.0,70.5,64ad124b-ab99-4bdc-bc57-54e525f64a54,minecraft:zombified_piglin,true,Zombified Piglin,[null]
72.60428942611213,87.0,25.644497031678547,8889eecf-7337-44d2-9668-65b226bd708b,minecraft:zombified_piglin,true,Zombified Piglin,[null]
64.87642894247278,85.0,44.86605454328749,d563e31d-307e-41e1-9bc5-52101a9608f8,minecraft:zombified_piglin,true,Zombified Piglin,[null]
65.79411222085305,85.0,50.69607873803241,c7b14605-5d3d-486f-a5bd-f30e1edddc7e,minecraft:zombified_piglin,true,Zombified Piglin,[null]
66.38091393927229,85.0,52.563720908875474,cd976028-7a90-4a8c-80b2-59c1dd857cb2,minecraft:zombified_piglin,true,Zombified Piglin,[null]
64.2180399382181,85.0,52.5,4f2f82bc-b3f0-4868-823a-06c179e818aa,minecraft:zombified_piglin,true,Zombified Piglin,[null]
-23.980613011132025,81.0,81.01938698886796,4e730a91-dfca-4414-91a4-533b50828761,minecraft:zombified_piglin,true,Zombified Piglin,[null]
-16.5,82.0,89.3913515878655,667fe418-0315-4e2d-9880-2203c606dcf0,minecraft:zombified_piglin,true,Zombified Piglin,[null]
-29.876298764396584,70.0,100.69999998807907,586b669d-9ed5-4601-9683-1a1b2e967217,minecraft:zombified_piglin,true,Zombified Piglin,[null]
10.809085208586,79.0,106.80908520858598,317ea12b-cb11-44a2-b349-036019e56277,minecraft:zombified_piglin,true,Zombified Piglin,[null]
-85.68667837035613,32.0,89.93300149721632,e6e2064c-149a-49e6-be43-e71d1148ab1e,minecraft:magma_cube,true,Magma Cube,[null]
