x,y,z,visibility,load_status,entity_count
0,0,-2,TICKING,LOADED,1
0,6,-2,TICKING,LOADED,2
-2,5,5,TICKING,LOADED,2
-3,3,1,TICKING,LOADED,1
4,5,1,TICKING,LOADED,1
3,4,4,TICKING,LOADED,1
2,3,-2,TICKING,LOADED,1
2,5,-2,TICKING,LOADED,2
-3,6,0,TICKING,LOADED,1
3,0,-1,TICKING,LOADED,2
-3,3,-1,TICKING,LOADED,1
3,1,0,TICKING,LOADED,1
3,4,0,TICKING,LOADED,1
4,5,3,TICKING,LOADED,3
-4,2,2,TICKING,LOADED,1
-2,2,-1,TICKING,LOADED,2
0,0,-1,TICKING,LOADED,1
0,3,-1,TICKING,LOADED,1
-4,2,3,TICKING,LOADED,1
1,3,-1,TICKING,LOADED,1
-6,2,5,TICKING,LOADED,1
-1,0,-2,TICKING,LOADED,1
-1,2,-1,TICKING,LOADED,1
-3,2,-2,TICKING,LOADED,1
3,5,3,TICKING,LOADED,1
-2,4,4,TICKING,LOADED,1
-1,5,4,TICKING,LOADED,2
-5,2,4,TICKING,LOADED,1
-4,1,1,TICKING,LOADED,1
-2,4,6,TICKING,LOADED,1
-2,2,0,TICKING,LOADED,2
-2,2,-2,TICKING,LOADED,2
0,4,6,TICKING,LOADED,1
2,5,3,TICKING,LOADED,1
4,5,2,TICKING,LOADED,1
