x,y,z,type
150,-9,245,minecraft:mob_spawner
223,-9,277,minecraft:mob_spawner
129,69,210,minecraft:furnace
129,69,214,minecraft:furnace
224,-2,232,minecraft:mob_spawner
187,-19,317,minecraft:mob_spawner
238,58,331,minecraft:beacon
242,58,324,minecraft:beacon
249,58,311,minecraft:beacon
253,58,304,minecraft:beacon
131,69,205,minecraft:furnace
131,70,205,minecraft:furnace
132,68,207,minecraft:furnace
279,20,190,minecraft:mob_spawner
76,-20,131,minecraft:mob_spawner
25,21,362,minecraft:mob_spawner
18,22,368,minecraft:mob_spawner
205,-5,95,minecraft:mob_spawner
356,-7,189,minecraft:mob_spawner
8,-19,332,minecraft:mob_spawner
7,-25,348,minecraft:mob_spawner
14,25,353,minecraft:mob_spawner
73,25,433,minecraft:mob_spawner
1,18,446,minecraft:mob_spawner
