x,y,z,visibility,load_status,entity_count
6,4,11,TICKING,LOADED,1
2,4,12,TICKING,LOADED,4
6,-1,13,TICKING,LOADED,1
6,4,15,TICKING,LOADED,3
4,1,18,TICKING,LOADED,2
17,4,18,TICKING,LOADED,1
7,4,13,TICKING,LOADED,2
5,4,15,TICKING,LOADED,1
5,2,14,TICKING,LOADED,2
5,3,14,TICKING,LOADED,1
5,4,14,TICKING,LOADED,11
16,2,15,TICKING,LOADED,1
16,4,15,TICKING,LOADED,4
5,1,13,TICKING,LOADED,3
5,4,13,TICKING,LOADED,3
5,4,19,TICKING,LOADED,2
8,4,13,TICKING,LOADED,5
4,6,17,TICKING,LOADED,1
9,2,11,TICKING,LOADED,3
9,3,11,TICKING,LOADED,1
9,4,11,TICKING,LOADED,3
9,3,10,TICKING,LOADED,2
9,4,10,TICKING,LOADED,1
10,4,22,TICKING,LOADED,2
8,3,11,TICKING,LOADED,2
8,4,11,TICKING,LOADED,1
6,2,14,TICKING,LOADED,3
6,3,14,TICKING,LOADED,2
6,4,14,TICKING,LOADED,2
1,-3,25,TRACKED,LOADED,1
6,5,20,TICKING,LOADED,2
16,4,17,TICKING,LOADED,2
17,4,14,TICKING,LOADED,1
5,5,17,TICKING,LOADED,1
13,4,10,TICKING,LOADED,1
13,5,10,TICKING,LOADED,1
12,5,21,TICKING,LOADED,1
11,4,21,TICKING,LOADED,1
11,5,21,TICKING,LOADED,1
11,-2,21,TICKING,LOADED,1
11,-1,21,TICKING,LOADED,1
11,1,22,TICKING,LOADED,1
17,4,15,TICKING,LOADED,1
0,4,17,TRACKED,LOADED,4
7,4,11,TICKING,LOADED,2
11,4,10,TICKING,LOADED,1
11,-2,10,TICKING,LOADED,1
7,3,16,TICKING,LOADED,2
9,5,21,TICKING,LOADED,2
5,4,16,TICKING,LOADED,1
13,5,21,TICKING,LOADED,1
13,2,11,TICKING,LOADED,1
10,4,21,TICKING,LOADED,1
0,-3,25,TRACKED,LOADED,1
8,4,12,TICKING,LOADED,2
4,4,14,TICKING,LOADED,1
18,4,15,TICKING,LOADED,4
12,4,10,TICKING,LOADED,1
17,2,13,TICKING,LOADED,1
8,3,10,TICKING,LOADED,2
16,4,14,TICKING,LOADED,1
17,4,17,TICKING,LOADED,3
