x,y,z,uuid,type,alive,display_name,custom_name
143.96875,72.5,208.5,b579c83d-e681-43c9-a267-a936978a4f56,minecraft:item_frame,true,Item Frame,[null]
143.96875,72.5,213.5,a098bd59-fa7e-45dd-8849-3244b0d039d0,minecraft:item_frame,true,Item Frame,[null]
137.5,72.5,219.96875,fc8898e4-541d-4773-acea-de064a8272ed,minecraft:item_frame,true,Item Frame,[null]
132.5,72.5,219.96875,7dc833ef-ebdf-4276-a3ee-8207c78f7eb5,minecraft:item_frame,true,Item Frame,[null]
129.58215193997728,69.875,211.5028809321341,122489ec-f4e7-4041-8155-9a45950a2e05,minecraft:parrot,true,Parrot,[null]
124.96875,58.5,266.5,4cae7f1e-c933-499f-a5b4-8a003ed1ab6a,minecraft:item_frame,true,Item Frame,[null]
124.96875,58.5,264.5,5b9a1dc3-e7e4-4d37-a504-19ab6f948564,minecraft:item_frame,true,Item Frame,[null]
126.03125,72.5,213.5,2658151e-48ad-427a-b0ca-3921746fa863,minecraft:item_frame,true,Item Frame,[null]
126.03125,72.5,208.5,2356aabb-8dbc-433f-837b-28c2c43b4697,minecraft:item_frame,true,Item Frame,[null]
137.5,72.5,202.03125,8fa9613c-5d56-4ee6-9663-f2463337fbca,minecraft:item_frame,true,Item Frame,[null]
132.5,72.5,202.03125,cf64eeb0-e6d4-4b05-8604-db7315699dcd,minecraft:item_frame,true,Item Frame,[null]
208.4523777644487,47.10000002384186,180.75,fd4f27e8-9baa-4c90-8e14-51fd1ab79360,minecraft:bat,true,Bat,[null]
265.5,68.0,287.5,bb157d20-0f07-478a-8699-d10369fa2347,minecraft:skeleton,true,Skeleton,[null]
270.5,68.0,277.5,edfc1af8-02cd-4dd6-b6b3-e0b7485e4dcc,minecraft:spider,true,Spider,[null]
270.82138625193625,39.10000002384186,246.24385864644344,f6ffd8f7-a0ec-486d-98ed-fbede413785f,minecraft:bat,true,Bat,[null]
265.4917381852047,68.0,245.50826181479533,bf1c7266-fd69-4548-821b-8cc9c43a458f,minecraft:creeper,true,Creeper,[null]
268.5,68.0,243.5,80af2368-dbf8-4588-a1d7-7e58b616e504,minecraft:creeper,true,Creeper,[null]
269.63853950757436,68.0,246.7470310120586,857c38b4-e799-4619-b52a-0763662b612c,minecraft:zombie,true,Zombie,[null]
263.5,73.0,243.5,87e62703-e545-4247-9d25-44717052b098,minecraft:creeper,true,Creeper,[null]
266.5,68.0,225.5,cefda54b-9606-4570-99b7-38f05b8e745a,minecraft:creeper,true,Creeper,[null]
98.5,64.0,242.5,fc18e617-53b7-4bef-bdc3-5019adb57937,minecraft:creeper,true,Creeper,[null]
99.5,64.0,242.5,b131195c-7d80-45ff-b7e5-0208fab96f88,minecraft:skeleton,true,Skeleton,[null]
99.5,64.0,243.5,f8070b0a-b1ca-42e8-8495-a12960fa6b54,minecraft:spider,true,Spider,[null]
97.5,41.0,237.5,87cd693d-573b-49e1-99b6-f4bd2d7cb1c6,minecraft:creeper,true,Creeper,[null]
103.75,46.10000002384186,238.75,0c474112-8379-4a32-be69-a6bb9b051749,minecraft:bat,true,Bat,[null]
103.75,40.52086666703523,230.25,2a8e590d-73f4-45d8-9302-f8f0d903071e,minecraft:bat,true,Bat,[null]
102.91534974767681,60.0,229.50000497029006,60ab1483-33c6-4be9-a8e2-97c07c2a324d,minecraft:zombie,true,Zombie,[null]
102.1705818961523,60.0,229.5,32017a69-1ba1-49a4-966a-6066063c29e8,minecraft:zombie,true,Zombie,[null]
98.5,64.0,228.5,81049889-d5f5-4773-b893-80a13845ff00,minecraft:spider,true,Spider,[null]
99.5,64.0,239.5,75b119f3-8a82-44b0-8efe-dc0aebc288ba,minecraft:skeleton,true,Skeleton,[null]
106.25,-7.899999976158142,210.25,397238e7-cf4b-4ad6-ada0-81259b14105b,minecraft:bat,true,Bat,[null]
149.5,41.0,180.5,80c7146a-d212-4f34-b70e-f6a16909c93a,minecraft:creeper,true,Creeper,[null]
158.46417610981,39.10000002384186,179.75,8a91fd04-ec2a-4bde-a687-1e2ddfc09c3f,minecraft:bat,true,Bat,[null]
156.3156896783618,40.10000002384186,180.75,aa5c9d41-b5d3-4a5e-bc84-ee03cfabf46a,minecraft:bat,true,Bat,[null]
149.92268920270726,61.33491023746319,181.4565901849419,1fc3eb39-06c4-4efb-8dc4-6a9cfb4aa587,minecraft:squid,true,Squid,[null]
152.5,68.0,179.5,8150220e-407c-4c55-8ff5-feb8ac34cac5,minecraft:creeper,true,Creeper,[null]
147.5,68.0,179.5,7f2ea0a9-0d02-45bf-8f70-a3405f58bbcb,minecraft:creeper,true,Creeper,[null]
149.5,68.0,180.5,44454771-9c30-443b-a799-21413a6c636a,minecraft:creeper,true,Creeper,[null]
140.66830200494857,58.51343154418282,179.12455492101017,d35ae95f-9500-4054-b2a7-91f15ec0949a,minecraft:squid,true,Squid,[null]
129.5,68.0,176.5,45a73050-6d07-4227-80d2-8768a8e54657,minecraft:skeleton,true,Skeleton,[null]
213.5,80.0,342.5,c8fa32bc-8aa6-46d3-91d0-f1249d534a10,minecraft:skeleton,true,Skeleton,[null]
194.65794949410173,94.0,342.677408061511,ff4a3cfa-372b-408a-a11c-39bf27197790,minecraft:pig,true,Pig,[null]
189.5,73.0,343.18574999774086,384c7c67-5c0b-4051-b05a-01dae18b9c56,minecraft:creeper,true,Creeper,[null]
185.5,81.0,342.5,0bd06fa4-be30-45c9-a60c-bd80ee82e672,minecraft:skeleton,true,Skeleton,[null]
179.75,-17.0,344.650521749111,4c7a5b1f-a038-46d9-85fb-df18ab62c266,minecraft:bat,true,Bat,[null]
178.44362046411138,-15.899999976158142,347.75,93055c84-0042-467b-9aec-ece10a6cf90d,minecraft:bat,true,Bat,[null]
127.5,68.0,178.5,7cd9164d-b031-44be-9924-914c17fe36a9,minecraft:zombie,true,Zombie,[null]
112.5,68.0,177.5,fa389494-9489-4f60-b968-9aba170ce87a,minecraft:skeleton,true,Skeleton,[null]
111.5,68.0,178.5,f715f45e-8567-41a9-840e-5535f588c002,minecraft:skeleton,true,Skeleton,[null]
163.5,68.0,351.5,40040d6b-9627-4535-ab9e-d2b6c68a01fa,minecraft:skeleton,true,Skeleton,[null]
150.5,80.0,343.5,d43156d1-eae8-40e3-ac71-a1920f93519c,minecraft:skeleton,true,Skeleton,[null]
149.5,80.0,342.5,35e70f97-9405-4a9d-82f0-a330f830ee05,minecraft:skeleton,true,Skeleton,[null]
103.5,91.0,331.5,2029d3ed-3eab-4610-a7ee-cd0bc2a51312,minecraft:spider,true,Spider,[null]
103.5,91.0,332.5,dc15aa48-a1bf-4a94-b7e5-757edbcde1be,minecraft:creeper,true,Creeper,[null]
213.5,68.0,175.5,60c08b48-8c3c-40cb-b46d-78065a9cfb8b,minecraft:skeleton,true,Skeleton,[null]
216.5,86.0,175.5,d0c8a193-8928-4b28-8dbb-e7ce9bfbc019,minecraft:creeper,true,Creeper,[null]
273.61532395571896,45.10000002384186,217.84184551751204,9384c012-ad33-4520-a148-9c3bb8951cce,minecraft:bat,true,Bat,[null]
89.5,75.0,269.5,ca73580a-32e2-4754-98b2-14c6d0b202a1,minecraft:spider,true,Spider,[null]
94.5,64.0,240.5,1fa3188d-6a08-4b91-aea7-634794aa1e9d,minecraft:creeper,true,Creeper,[null]
90.75,46.10000002384186,236.3596604097969,31c883fd-a935-4e96-ad76-f23a4d5308b9,minecraft:bat,true,Bat,[null]
80.5527736759637,46.10000002384186,236.47639418570745,e357ea95-fb8f-4cd8-b7c3-9c19e12ee50c,minecraft:bat,true,Bat,[null]
94.5,60.0,228.5,057aafaf-f940-4bc1-a231-5200a3bfce94,minecraft:zombie,true,Zombie,[null]
89.5,64.0,236.5,d8947deb-ae5d-482d-a807-2dba60f65168,minecraft:witch,true,Witch,[null]
95.5,64.0,238.5,2209f683-fd1a-401e-9ebb-f6aae1744cd3,minecraft:creeper,true,Creeper,[null]
87.5,64.0,224.5,d3a7e2d0-c155-4d57-8a53-f26f8887607e,minecraft:creeper,true,Creeper,[null]
95.5,64.0,227.5,0b50c8eb-4432-41bb-ac2b-6ba217cfac77,minecraft:skeleton,true,Skeleton,[null]
82.5,68.0,229.5,7cb0784c-e5ee-46f1-9d7f-e2f7a76e2f81,minecraft:creeper,true,Creeper,[null]
83.5,68.0,231.5,c57739a3-c0ca-47e2-8133-13bf878bb86d,minecraft:creeper,true,Creeper,[null]
87.46497751592665,68.0,231.69198255537984,17768226-0ff1-47f2-ad8e-270a46139834,minecraft:creeper,true,Creeper,[null]
82.5,68.0,231.5,b9215ead-8f76-4895-8723-f72b246d987b,minecraft:creeper,true,Creeper,[null]
82.67320599087485,66.10000002384186,233.242444852748,aa404bde-6946-4e0a-8e8d-dbbee839ba4e,minecraft:bat,true,Bat,[null]
93.47258816294652,64.0,237.68313883023743,dba17906-92f4-4de9-bd58-65b3e41af2d1,minecraft:skeleton,true,Skeleton,[null]
88.5,64.0,236.5,fd2328ec-dd3b-4972-8fc9-859bcfdf02bc,minecraft:skeleton,true,Skeleton,[null]
93.25,27.100000023841858,216.75,4257f398-067c-48d4-8835-99996cb8cb33,minecraft:bat,true,Bat,[null]
92.25,28.100000023841858,213.25,974da5e9-11df-4a81-bdff-16e09304bb2e,minecraft:bat,true,Bat,[null]
88.5,29.0,215.5,43c5912e-9fc7-4f72-8ee3-99d54626a9ad,minecraft:zombie,true,Zombie,[null]
81.04342665246651,68.0,221.04342665246645,60b11fa6-267b-425c-8b2b-fec96f42cb70,minecraft:spider,true,Spider,[null]
89.55553557815536,76.0,223.99635215077117,7e9df56d-d8ca-4346-8b00-0e4ccd6f76ba,minecraft:spider,true,Spider,[null]
86.5,68.0,217.5,325c26b9-c42d-4486-a0b7-16698cab4083,minecraft:spider,true,Spider,[null]
197.23319689000206,77.0,172.4480467741489,b4187adf-1d82-470c-aa66-f97ac6ede88e,minecraft:skeleton,true,Skeleton,[null]
178.5,68.0,162.5,7a0c819c-fdbe-43e4-b266-24f5abddfe15,minecraft:spider,true,Spider,[null]
182.5,-23.0,171.5,862644bb-f990-4d74-81c8-33b2ad8cb3d8,minecraft:skeleton,true,Skeleton,[null]
146.5,63.0,160.5,6cc157f2-bc75-47fe-8320-a2aac293e809,minecraft:enderman,true,Enderman,[null]
149.67191548423926,62.57770164972898,175.51912612911005,529bf415-d6ae-4cf6-b554-e62d91653c0b,minecraft:squid,true,Squid,[null]
142.2423768765293,60.74981176503934,177.90235342318192,5d6aed7a-0bf0-4228-99ca-78be6191a85e,minecraft:squid,true,Squid,[null]
146.5,68.0,168.5,5654372b-4c8e-4ddd-aff8-fdb4c420dbdd,minecraft:zombie,true,Zombie,[null]
141.35813981716439,61.359143355628476,174.91901567578316,60b6df19-ca7d-4390-bed3-d5ce0e4a4f3a,minecraft:squid,true,Squid,[null]
138.09953270852566,60.54257704294287,172.40000000596046,aa74fe3e-a050-4895-afe3-a25f4c62bcf8,minecraft:squid,true,Squid,[null]
176.60020999489626,16.0,357.2276985969334,25616b5d-34ee-41a4-b341-3472dca5ec90,minecraft:item,true,Glow Ink Sac,[null]
275.5,68.0,227.5,0e5c1537-b709-4865-90f6-42c9d7d6f42f,minecraft:creeper,true,Creeper,[null]
272.5,68.0,246.5,b7abe19d-e83b-4ef4-8a59-91c8d7f5c187,minecraft:zombie,true,Zombie,[null]
272.5,68.0,275.5,a409d752-ac12-493d-a0f0-041747937b86,minecraft:spider,true,Spider,[null]
273.5,68.0,278.5,772aefc7-7d01-4445-add2-47761d448824,minecraft:spider,true,Spider,[null]
273.5,68.0,281.5,a1e08aa3-7fb0-4825-9b2c-b55aace8eeff,minecraft:spider,true,Spider,[null]
272.16422894435027,68.0,301.791297744608,44c492a1-925f-4554-8eec-57c0a0bd4959,minecraft:zombie,true,Zombie,[null]
162.5,68.0,352.5,9c74bea2-c774-4058-9153-92c5f3346a6e,minecraft:skeleton,true,Skeleton,[null]
165.5,68.0,354.5,c91bc66b-b650-4a43-a61e-c7bb1512f40e,minecraft:skeleton,true,Skeleton,[null]
87.53580368191969,92.0,278.6798835250989,f7a8dc0f-f155-4bc7-8cf9-fda136633299,minecraft:chicken,true,Chicken,[null]
84.0568456870116,64.0,308.69999998807907,480fe69e-9448-4d00-8a9c-e8346a59332e,minecraft:spider,true,Spider,[null]
86.82568747407869,65.0,311.30000001192093,7c45cbd5-7b54-4cb7-a2e5-94bea3e63d6a,minecraft:creeper,true,Creeper,[null]
76.43668248645095,68.0,226.7842913183704,53f030f1-9c3a-47ff-b50b-01d71342040a,minecraft:spider,true,Spider,[null]
302.5,68.0,244.5,205dec03-b7e2-42c8-a903-2ad02d57c021,minecraft:chicken,true,Chicken,[null]
298.5,68.0,244.5,ee6ffe45-6a33-48fc-8f3b-e6cf0e99b02c,minecraft:chicken,true,Chicken,[null]
300.5,68.0,243.5,9362eb41-0829-4ff3-a020-02e5cbf4676c,minecraft:chicken,true,Chicken,[null]
298.5,68.0,246.5,a4ddd084-7436-41bb-8b7c-a32cde104334,minecraft:chicken,true,Chicken,[null]
68.5,99.0,274.5,2ea7d6ce-466d-4d35-b3cc-0f140cbd44e2,minecraft:skeleton,true,Skeleton,[null]
65.36841744576076,17.0,293.56900541111827,2207b6f0-0c0e-46b5-a4e3-21998282d13d,minecraft:glow_squid,true,Glow Squid,[null]
71.79437790012248,16.0,292.871502505413,76baf689-1fb2-4f31-9224-84748e6627f5,minecraft:item,true,Glow Ink Sac,[null]
41.5,68.0,200.17864940817663,550b4cd4-0c25-4d5b-b279-2a0590bd191b,minecraft:sheep,true,Sheep,[null]
46.378802939899984,68.0,194.5,b745ed72-2438-4ecd-b68f-6c76d34187d2,minecraft:sheep,true,Sheep,[null]
41.82518269477872,68.0,194.13811100149988,dc297a60-d299-4772-90fd-ea0636f778a1,minecraft:sheep,true,Sheep,[null]
40.57231973897583,68.0,193.3263440077209,a7bf2251-c06e-4a15-bdb7-70330366ceee,minecraft:sheep,true,Sheep,[null]
25.5,-40.9375,407.5,81a507df-1f54-4888-8067-38079e21ff0b,minecraft:chest_minecart,true,Minecart with Chest,[null]
2.8843842419750803,68.0,284.1187023883915,02e00f9f-1df5-4885-86ea-214076e6e361,minecraft:pig,true,Pig,[null]
4.5,68.0,285.5,787481d7-bcfa-4054-aa34-70fdc8bc0c97,minecraft:pig,true,Pig,[null]
3.736446585965,68.0,273.7680100508623,840fcac5-12bb-4dee-9a4f-e62710659a74,minecraft:pig,true,Pig,[null]
1.8622232956393308,68.0,285.1361436448738,8f449750-6447-49d2-92e4-c4a255618590,minecraft:pig,true,Pig,[null]
1.5,-40.9375,409.5,e5e6e342-fb1a-4ea7-867f-661aee226c3a,minecraft:chest_minecart,true,Minecart with Chest,[null]
