x,y,z,uuid,type,alive,display_name,custom_name
30.71480036572402,63.0,-6.2980237683299185,7a2e75b6-34a7-43bf-b9d1-41de7f2d3844,minecraft:enderman,true,Enderman,[null]
-20.085281757470003,63.0,-26.49388358334869,a14ae958-c5a2-401e-a69c-91a77c098382,minecraft:enderman,true,Enderman,[null]
33.5,104.0,24.5,9c3cf077-b289-4dd1-98e8-e231d457aa67,minecraft:end_crystal,true,End Crystal,[null]
42.5,92.0,0.5,f18cf871-db97-42eb-8c71-d986a912b364,minecraft:end_crystal,true,End Crystal,[null]
33.5,86.0,-23.5,e5f3f190-c88c-40df-8fcb-1ab865597498,minecraft:end_crystal,true,End Crystal,[null]
5.304262896176937,63.0,44.35236882954312,10d2d450-4c9c-4e96-8da4-b2f3e250ff1f,minecraft:enderman,true,Enderman,[null]
14.84292200393578,64.0,44.190000448721754,0322eb89-0618-4df9-9eb5-d10940e538d6,minecraft:enderman,true,Enderman,[null]
6.648428926340954,64.0,42.352503375377665,703cf9da-c8f3-482e-8331-7741ff4a6f9f,minecraft:enderman,true,Enderman,[null]
12.5,83.0,39.5,36e3011a-686e-42dd-9081-5d18435323aa,minecraft:end_crystal,true,End Crystal,[null]
21.48780299692615,108.81656631369658,-8.380173132343014,e7dfcc2a-a525-4eb4-8a2e-2bec08cd5fba,minecraft:ender_dragon,true,Ender Dragon,[null]
-25.394235625763397,62.0,22.509884286238638,83c0fb11-ef3a-49aa-bb73-74c081f84b43,minecraft:enderman,true,Enderman,[null]
-20.413207549003307,63.0,17.509026602452003,316b5c83-775e-4076-9bf7-af98a7869a28,minecraft:enderman,true,Enderman,[null]
-19.10374309746552,63.0,22.380279463879706,55ab2ef4-d936-4415-a641-24e6c03cac9f,minecraft:enderman,true,Enderman,[null]
-16.811795276249473,64.0,17.219937487164273,87dee417-2026-4d35-9471-e389c8545aa3,minecraft:enderman,true,Enderman,[null]
-11.5,95.0,39.5,93e9a11e-43ce-4719-9c4f-a11077f3fefb,minecraft:end_crystal,true,End Crystal,[null]
-32.5,80.0,-23.5,1334ecc8-4af7-4c82-a065-40fb1c75e410,minecraft:end_crystal,true,End Crystal,[null]
-26.758139345615618,60.0,-36.764024057396654,c318b07c-2722-4277-b3a0-349906af18a6,minecraft:enderman,true,Enderman,[null]
-18.72759397229345,60.0,-39.72497031038485,db854b20-af19-4975-8810-2ad75a4e7ef8,minecraft:enderman,true,Enderman,[null]
-11.5,89.0,-38.5,bae571b3-015f-421c-9260-9b1304d04da6,minecraft:end_crystal,true,End Crystal,[null]
12.5,101.0,-38.5,e01d65e3-c935-43b0-b886-e1ba52aa27ad,minecraft:end_crystal,true,End Crystal,[null]
54.143585185976065,63.0,19.869048519973635,02c9d971-a7e5-48aa-a591-c538cde7e6a5,minecraft:enderman,true,Enderman,[null]
57.50313688790793,63.0,23.444262056665007,048daa6a-0adf-4f3c-bb20-86e5c8895f4a,minecraft:enderman,true,Enderman,[null]
28.124724336859444,61.0,63.83436438702895,e5134d76-27bc-465b-806b-c9201845e85f,minecraft:enderman,true,Enderman,[null]
31.76313976340891,61.0,62.48324360988551,c0b81e4a-4eb2-4f96-8d44-45ee37b94f4e,minecraft:enderman,true,Enderman,[null]
29.5,63.0,53.5,328ff4af-964a-496e-88b7-f31e335928e3,minecraft:enderman,true,Enderman,[null]
4.3029771096793095,62.0,56.31874655857315,848c2ae9-3403-4180-aec0-e78154826f60,minecraft:enderman,true,Enderman,[null]
13.734498075374448,63.0,52.73384985655951,4589ca73-7ffc-4889-bccf-653e0a72a774,minecraft:enderman,true,Enderman,[null]
-41.5,77.0,0.5,e667c6fa-f58f-4d2a-9152-adea7a3027ec,minecraft:end_crystal,true,End Crystal,[null]
-43.224221543251815,65.0,5.778311935427798,67fc6563-467a-4a78-90a4-66e99d9e138d,minecraft:enderman,true,Enderman,[null]
-46.20746513703463,65.0,14.20743879348134,193ff578-1609-4d1d-9f63-abe7e75cffb0,minecraft:enderman,true,Enderman,[null]
-42.002641932989945,60.0,26.00263440377561,135524a6-9d5c-43a6-a53a-47b6c50d4026,minecraft:enderman,true,Enderman,[null]
-46.34877404290352,60.0,21.294176217802924,19db2ee5-6023-495f-9793-fcc2a292f1de,minecraft:enderman,true,Enderman,[null]
-43.5,60.0,22.5,a32e3ee5-adf8-4342-be2b-3fb5825b5e02,minecraft:enderman,true,Enderman,[null]
-46.5,60.0,23.5,69b49d95-ef87-4d49-913e-5e8f29c076ae,minecraft:enderman,true,Enderman,[null]
-32.5,98.0,24.5,ae364896-8bab-42c2-8074-1581a73a8a67,minecraft:end_crystal,true,End Crystal,[null]
-46.5,60.0,46.5,d9cdd3da-e591-4e17-b25c-cfcf337b7054,minecraft:enderman,true,Enderman,[null]
-47.5,60.0,45.5,99a12f98-bd8f-4f12-ae9e-c965767224d0,minecraft:enderman,true,Enderman,[null]
-46.38671921527732,60.0,32.330040578636336,e5a17ee8-7c75-4f33-b828-9a6f6b9ae5ee,minecraft:enderman,true,Enderman,[null]
-10.13087706953762,61.0,62.3214180305372,0f653ad2-44e9-4805-992f-d170a13a2d0a,minecraft:enderman,true,Enderman,[null]
-5.554978985729716,62.0,51.55507890923972,cf886a64-4606-4dd8-abb2-f442fd470e32,minecraft:enderman,true,Enderman,[null]
-16.299295601794626,61.0,55.69568472071677,daae282c-66c1-4620-ae23-47647a29db97,minecraft:enderman,true,Enderman,[null]
-16.994594399729095,61.0,55.49920302784918,8d8fe09f-e513-4af5-ac6c-1a1b3a4875ca,minecraft:enderman,true,Enderman,[null]
-46.5,60.0,52.5,0964fc2c-7cc9-4d35-9c90-10f571b4592a,minecraft:enderman,true,Enderman,[null]
-45.32991655742304,60.0,48.33070948015199,bc8ae863-96e5-4057-8f63-44b9c5cf4c05,minecraft:enderman,true,Enderman,[null]
-36.21942078800716,58.0,-49.21840450767384,aaf1b0af-2582-4868-a175-dbc249486a0b,minecraft:enderman,true,Enderman,[null]
-21.498913077213647,60.0,-53.26597645894984,3fe4499f-969b-417f-8e30-234a7302e8a9,minecraft:enderman,true,Enderman,[null]
34.5,60.0,67.52681383132175,63975a58-315f-4260-a0f8-2376657f9b98,minecraft:enderman,true,Enderman,[null]
36.5,61.0,66.5,e5693746-1206-4aa8-82c9-0b065118cdcd,minecraft:enderman,true,Enderman,[null]
30.66568773884429,61.0,67.33543646585316,7bc7ba30-715d-4912-abe1-616a8a26ca8b,minecraft:enderman,true,Enderman,[null]
0.6780551464648689,61.0,77.70479689533438,fe265114-bd9a-4e70-adaf-5251f6a311bb,minecraft:enderman,true,Enderman,[null]
-62.42680799982455,62.0,30.19139799300739,d82ff00d-991a-4432-8efa-a742ea3cb250,minecraft:enderman,true,Enderman,[null]
-59.20354591022385,61.0,30.5,d0798463-5a67-41c5-80ae-d54af3e30f81,minecraft:enderman,true,Enderman,[null]
-50.00095311263442,60.0,51.750085882574695,79667f7a-d499-4d49-a77e-33b65c9ccca7,minecraft:enderman,true,Enderman,[null]
-48.5,60.0,50.5,a9aa24c5-7406-4977-9879-e6639e84a1f7,minecraft:enderman,true,Enderman,[null]
-50.37322887858622,60.0,51.0215165181093,b5b18116-b7d3-416a-8205-1f07c3c947cb,minecraft:enderman,true,Enderman,[null]
-48.98124868826304,60.0,56.49646892475853,9f1f698a-293d-4d28-86c6-eb3838fc023b,minecraft:enderman,true,Enderman,[null]
71.5,61.0,42.5,6ad284eb-05df-48f6-8abb-b04bbd6921b7,minecraft:enderman,true,Enderman,[null]
