x,y,z,visibility,load_status,entity_count
0,3,2,TICKING,LOADED,1
0,4,2,TICKING,LOADED,2
0,5,2,TICKING,LOADED,1
0,3,4,TICKING,LOADED,1
-1,5,2,TICKING,LOADED,1
-1,3,3,TICKING,LOADED,2
-1,5,-3,TICKING,LOADED,1
1,3,4,TICKING,LOADED,1
-3,3,1,TICKING,LOADED,4
-3,6,1,TICKING,LOADED,1
1,3,3,TICKING,LOADED,3
2,5,-2,TICKING,LOADED,1
-3,4,0,TICKING,LOADED,3
-2,3,1,TICKING,LOADED,3
-2,4,1,TICKING,LOADED,1
-2,3,3,TICKING,LOADED,2
0,3,3,TICKING,LOADED,2
2,5,0,TICKING,LOADED,1
-2,3,-3,TICKING,LOADED,2
0,6,-3,TICKING,LOADED,1
2,3,4,TICKING,LOADED,2
-4,3,3,TICKING,LOADED,4
1,3,-1,TICKING,LOADED,1
1,6,-1,TICKING,LOADED,1
3,3,1,TICKING,LOADED,2
-3,5,-2,TICKING,LOADED,1
-3,3,-4,TICKING,LOADED,1
-3,3,2,TICKING,LOADED,3
-4,3,1,TICKING,LOADED,2
-3,3,3,TICKING,LOADED,2
-2,3,-2,TICKING,LOADED,1
-2,3,-4,TICKING,LOADED,1
2,6,1,TICKING,LOADED,1
4,3,2,TICKING,LOADED,1
