ne_puzir,ef99a8cf-0d3d-3bb3-a964-c415cd45ff46
puzir1111,43e10f69-7f56-32dd-8540-9a6be4228848
max_zaits,8a0e6f84-45ae-34b8-a58a-ec45b93ca0b2
woofstaiel,89c77413-bca9-34dd-b134-69531495a384
vladnavalny,b5b90a4d-3eee-3e8b-ac59-0a75dc93c180
max_zaits2,6188593d-5d57-3b5d-b748-cd3528919326
probbb,156d082d-76ec-3aa7-aad2-f7e70aa60181
max_zaits_2,30062050-177a-3d9d-9125-179a57310938
nepuzir,896af666-6ca3-3f8e-857c-5f35eeb1ad40
nagalaib,ad03b182-15c3-3340-87ce-7b78410290c4
never3hood,7b0dec33-e426-3572-aac0-faabcc0955ca
never333hood,298ffee5-4512-3553-b447-2c2f9251b29c
ne_puzir_test,9d0f5792-677f-3ba2-b1b7-7b9f1d04f2ad
