x,y,z,type
-131,-16,203,minecraft:mob_spawner
-147,-48,235,minecraft:mob_spawner
-146,29,265,minecraft:mob_spawner
-195,-9,263,minecraft:mob_spawner
-236,57,206,minecraft:mob_spawner
-211,-7,91,minecraft:mob_spawner
-254,-49,279,minecraft:mob_spawner
-69,16,69,minecraft:mob_spawner
-286,11,188,minecraft:mob_spawner
-276,24,176,minecraft:mob_spawner
-295,-19,78,minecraft:mob_spawner
-292,19,135,minecraft:mob_spawner
9,27,318,minecraft:mob_spawner
-314,25,217,minecraft:mob_spawner
30,90,215,minecraft:mob_spawner
-329,54,194,minecraft:mob_spawner
-11,-13,9,minecraft:mob_spawner
