x,y,z,uuid,type,alive,display_name,custom_name
-156.56035533615687,-18.0,185.49920660542853,32b9446b-03f6-43d1-8d46-6b4008da096c,minecraft:creeper,true,Creeper,[null]
-150.5,-18.0,184.5,db822529-5066-42bf-b9ea-6330a8197b20,minecraft:creeper,true,Creeper,[null]
-148.5,-18.0,182.5,dac7aca9-6048-4bee-b58d-4a0b30519bed,minecraft:creeper,true,Creeper,[null]
-144.72065026908686,-17.0,183.5014410646478,434f1864-4cb4-47e8-acd4-d22ce493dba5,minecraft:creeper,true,Creeper,[null]
-154.5,-18.0,183.5,484493d6-0433-43cd-a77b-dfdc73db86e4,minecraft:skeleton,true,Skeleton,[null]
-157.43019559266114,-17.0,186.1591894241474,02a377ca-aec7-4074-bac5-4eec0987188d,minecraft:creeper,true,Creeper,[null]
-166.35069292163547,95.0,202.31320722377777,81fab452-0f13-4295-8418-395d3284a8d7,minecraft:pig,true,Pig,[null]
-159.87377464022856,94.0,207.0633439726915,3c0ac58a-4958-4251-ab4e-374021b75bb8,minecraft:sheep,true,Sheep,[null]
-166.2534330953096,79.0,182.50006491552847,47d90eca-5989-4d35-96fc-1931e03a3676,minecraft:pig,true,Pig,[null]
-171.5,-42.0,182.5,bd104cbe-6e45-4889-b6df-54936d98407c,minecraft:creeper,true,Creeper,[null]
-174.7828510636556,-46.0,178.2172829426266,f56e34e0-319c-4f7e-b5b9-99a362c8c8bc,minecraft:skeleton,true,Skeleton,[null]
-168.03422537773324,-17.0,184.57261944978683,57c3d3c8-5dee-4611-9255-dec1968371ef,minecraft:spider,true,Spider,[null]
-164.15396127843957,-18.0,181.78417552731753,15d3c05f-3997-4a9a-a82a-696fe0fd30fa,minecraft:creeper,true,Creeper,[null]
-175.5,-19.0,176.5,c7282392-6714-4207-a326-7ee27bb8740d,minecraft:skeleton,true,Skeleton,[null]
-175.5,-19.0,178.5,7841f61b-b498-4c34-a085-560c10576806,minecraft:skeleton,true,Skeleton,[null]
-144.2613780325335,74.0,188.49709597432292,523180af-1a94-40fa-87b7-5162c3a2c6c9,minecraft:sheep,true,Sheep,[null]
-128.5459456374921,-49.0,194.24097688132562,aa54a686-1725-4dc3-a627-6d988a2aee49,minecraft:zombie,true,Zombie,[null]
-166.34015900515288,-50.0,164.85509077626344,6d862637-6b84-48b8-93b4-9360884cfaba,minecraft:spider,true,Spider,[null]
-160.5,-24.0,161.5,5a878ee1-0291-4665-9011-4e804b624afc,minecraft:skeleton,true,Skeleton,[null]
-175.5,-19.0,175.5,acb0593a-dbc4-4351-b95c-20752022915a,minecraft:skeleton,true,Skeleton,[null]
-147.50939163707645,-18.0,173.20806617316796,9db9daa0-9083-4486-8f1f-468bd3fc3bd1,minecraft:skeleton,true,Skeleton,[null]
-188.25497549614838,-19.0,167.4832525603248,656adf13-98d6-42e1-9db7-f81910cf3b3d,minecraft:creeper,true,Creeper,[null]
-118.2008243154533,-32.0,184.53010544794182,0316e6ed-314d-4935-aff9-e8f7bc29e12a,minecraft:creeper,true,Creeper,[null]
-180.7018940160627,64.0,147.70384756281967,e003e424-e991-45a9-aca9-3c3dfef4f305,minecraft:pig,true,Pig,[null]
-157.5,-44.0,144.5,0e961226-5edf-48b2-87d0-cb3a8653d9ae,minecraft:skeleton,true,Skeleton,[null]
-157.5,-45.0,152.5,0abbf69d-c564-4fc6-a297-f55bdaaeef9c,minecraft:creeper,true,Creeper,[null]
-151.73435321766777,-22.0,145.50984278298486,c2802211-4477-436a-85f3-fe40c6707340,minecraft:skeleton,true,Skeleton,[null]
-134.50011787681922,64.0,148.4997477539972,8a312492-252a-4749-804c-34da83f8ce86,minecraft:sheep,true,Sheep,[null]
-190.25277974506645,101.0,188.98965330944483,31bc9f21-acc5-42b4-99c3-a8fe66df8d73,minecraft:chicken,true,Chicken,[null]
-179.5,-18.0,176.12354044700191,e192ef8b-361a-4156-9244-58f378ced669,minecraft:creeper,true,Creeper,[null]
-178.95928039000438,-17.0,180.95542585475786,eb71ebae-87e0-4d90-a9b6-f4659d10fb89,minecraft:spider,true,Spider,[null]
-191.5188769211197,105.0,215.06962763725443,d7a788a9-6afc-43e0-85f9-ea3970e8ca9f,minecraft:chicken,true,Chicken,[null]
-167.5,-13.0,231.5,f5001e78-c5a2-4f58-91e8-266361525d4e,minecraft:skeleton,true,Skeleton,[null]
-163.5,-14.0,230.5,64c91c64-6856-49fc-9c8d-c5d1b8cd8e14,minecraft:zombie,true,Zombie,[null]
-195.5,-18.0,164.5,1c3ef499-d306-47fb-9c2f-24ef0167929d,minecraft:creeper,true,Creeper,[null]
-156.72984530148096,-51.0,221.8701227749698,7d6a4499-f6bd-46af-9ed1-e90bb84f4859,minecraft:glow_squid,true,Glow Squid,[null]
-158.29222836017266,-15.0,229.70824963004492,6f050d8e-8a25-459f-9d0a-f9fe9110b480,minecraft:zombie,true,Zombie,[null]
-130.5,-19.0,228.5,b773524c-2933-4566-83eb-f7e645d195ae,minecraft:skeleton,true,Skeleton,[null]
-100.78897486274055,64.0,148.81736975736789,daff7245-c57e-431f-93e9-2ce429b4030e,minecraft:sheep,true,Sheep,[null]
-104.12131929267883,64.0,151.878696596083,da14b8bc-ea36-43f9-9214-f43701e0e467,minecraft:horse,true,Horse,[null]
-197.37683988778502,107.0,210.59202591597597,f90d0a3b-631e-486f-b199-a7081cd246c0,minecraft:pig,true,Pig,[null]
-205.93113365066625,114.0,221.09670185009765,f2e0e4f0-b5fa-48c5-aa5b-2ce07f925712,minecraft:llama,true,Llama,[null]
-200.50194777614163,114.0,220.20681532081304,a21a3dd3-3063-430d-b928-09534c6e6669,minecraft:llama,true,Llama,[null]
-201.5081815976506,114.0,220.4684213043499,bedd783e-6ebb-4708-a1d4-35fe41dfb609,minecraft:llama,true,Llama,[null]
-204.1693130509196,112.0,215.6948537366154,75588852-c400-40ce-98c6-394dc78781b2,minecraft:llama,true,Llama,[null]
-198.04289504266498,113.0,219.2823591178431,71f8dcc9-c859-4afa-81c0-8f8b284fccd7,minecraft:chicken,true,Chicken,[null]
-203.50172868411664,115.0,223.44052672138798,645ac8e5-f447-4ae8-861d-281c8534fb2f,minecraft:llama,true,Llama,[null]
-153.358695513929,64.0,128.64917667042977,2eed31f2-5f8b-40b7-b5be-94efb1ae4dec,minecraft:donkey,true,Donkey,[null]
-157.30000001192093,-25.0,135.74458285074007,ed01c3c5-41cb-4da0-85eb-07974e5ee961,minecraft:skeleton,true,Skeleton,[null]
-157.0034264299173,-24.0,136.57583114291992,bbc5d7cc-6176-40b6-850b-c05517ae2096,minecraft:skeleton,true,Skeleton,[null]
-132.5,19.0,142.5,6db38c6e-6731-425e-ac9e-b4948428cc19,minecraft:creeper,true,Creeper,[null]
-136.51305296816383,19.0,143.54596795240838,2ef995e4-b584-4b50-83a2-d8964a400d36,minecraft:zombie_villager,true,Zombie Villager,[null]
-132.5,19.0,141.5,f400ff4a-ebfb-44a5-9e42-d92ef1c6c6e3,minecraft:creeper,true,Creeper,[null]
-132.5,19.0,138.5,a81e028e-ca96-41a8-967f-16c511e6aa5d,minecraft:creeper,true,Creeper,[null]
-200.6043854803861,115.0,224.55476805116385,a88e897b-d25a-4bbb-a2a5-cf4f3229da29,minecraft:llama,true,Llama,[null]
-197.42805625019065,113.0,225.33777565993248,0631f3d6-eb1b-42a0-b465-153fc057f7a1,minecraft:llama,true,Llama,[null]
-204.52513127141395,115.0,224.59096060126393,1ba81c4f-84f4-4ca2-b323-352c4176caff,minecraft:llama,true,Llama,[null]
-192.83497808139634,-24.0,234.51284710796156,408221af-31d8-4de4-8f64-a4bbe698b827,minecraft:creeper,true,Creeper,[null]
-192.5,-24.0,229.4987983116671,7cad0f24-1e4f-4bf4-bb7f-b56d760b5d39,minecraft:creeper,true,Creeper,[null]
-212.2096697640848,-22.0,141.7608365376479,ec6779d1-32f4-44d5-bb0d-9847a97419de,minecraft:creeper,true,Creeper,[null]
-210.5,-19.0,151.5,f7907380-ce80-4cbc-85a6-f39ccfc0e0c0,minecraft:spider,true,Spider,[null]
-208.5,-21.0,145.5,982cfeef-ecea-49fe-a247-cf3410811d63,minecraft:zombie,true,Zombie,[null]
-209.8506991447886,-20.0,148.88310278733186,e0af6e58-2208-4a66-8a55-5e7e225c6595,minecraft:zombie,true,Zombie,[null]
-214.5,-18.0,159.5,5490aef4-9870-4374-ae10-1f0a08def6d0,minecraft:spider,true,Spider,[null]
-215.5,-18.0,162.5,7218c3b5-c9c9-41de-ba4d-00e0a4ed1240,minecraft:spider,true,Spider,[null]
-143.5,32.0,246.5,d884c59f-2a68-4940-a82c-b58b97aa55dc,minecraft:creeper,true,Creeper,[null]
-131.5,-17.0,242.5,9505be86-e13b-4066-9de8-c8da0918d331,minecraft:enderman,true,Enderman,[null]
-134.5,-17.0,244.5,7630de85-4c6e-4b3d-813b-9ac7e80faff6,minecraft:enderman,true,Enderman,[null]
-125.50465597368856,-9.0,240.16780496388873,abe2fbda-f5a5-4548-a30f-ad1b039a6f92,minecraft:creeper,true,Creeper,[null]
-92.58058610053585,87.0,251.41890964183835,49b81314-509d-47ff-ad97-464b1dbfbf51,minecraft:llama,true,Llama,[null]
-89.10423851138928,64.0,165.16734385570723,d2c8fbc2-c8ca-46b5-9975-5222b9f7bc35,minecraft:horse,true,Horse,[null]
-83.46788240739629,64.0,163.7494988811555,b1781c39-02a1-4beb-b0ed-befc09548f99,minecraft:horse,true,Horse,[null]
-89.68000071356316,64.0,153.56683681772745,3b852a87-ce55-472f-a8bf-dcb3845a5eff,minecraft:horse,true,Horse,[null]
-209.34424691554764,97.0,185.32546213443834,15a0b26e-6b4c-47e4-a5db-dd4d893ebc9d,minecraft:chicken,true,Chicken,[null]
-211.5,-10.0,192.5,b093efd8-31d7-425e-8028-8e058b0386bf,minecraft:creeper,true,Creeper,[null]
-220.46258360323952,93.0,223.13280724217802,fde08cfc-3eff-4fd6-88ce-4cf6458a67a0,minecraft:llama,true,Llama,[null]
-156.5,-22.0,119.5,738a8104-7ed3-445e-b9e5-90e743578cc4,minecraft:zombie,true,Zombie,[null]
-157.5,-22.0,119.5,4374c3d6-e198-4ca3-84c9-ad3444d2dd2f,minecraft:zombie,true,Zombie,[null]
-152.5,-8.0,120.5,bb6076ae-4c7b-4fd2-9aca-91e41cee5074,minecraft:creeper,true,Creeper,[null]
-148.5,-9.0,123.5,08c3a9fa-9ce4-4efe-b4ed-340138734d3a,minecraft:zombie,true,Zombie,[null]
-135.55058726092813,64.0,125.76653663503387,b48d2ad5-3259-4d60-91c0-29103e50b335,minecraft:donkey,true,Donkey,[null]
-141.93470826025927,-9.0,126.06529173974073,bdc20bd0-3e0e-42e0-9b2e-e30819fa19d1,minecraft:spider,true,Spider,[null]
-139.5,-9.0,126.5,e96d3e64-a2cc-4f66-9218-06a36126c163,minecraft:zombie,true,Zombie,[null]
-142.5,-15.0,125.5,982fe52b-e3d5-42e8-8994-d92becacfc0b,minecraft:creeper,true,Creeper,[null]
-107.5,-15.0,125.5,cef40a61-60b9-4ff9-9cd9-12264e732b3c,minecraft:zombie,true,Zombie,[null]
-210.5,-10.0,225.5,154cbb99-c3ca-4d2e-aed0-0be68f5ce26f,minecraft:spider,true,Spider,[null]
-200.98486991030958,78.0,250.41115106749152,a46f09b5-7f7a-447d-984f-a2225a7bad7e,minecraft:llama,true,Llama,[null]
-200.22851367352828,77.0,252.20320128511221,0ec2d8b8-d00f-4d9e-b411-a61732881a74,minecraft:llama,true,Llama,[null]
-198.44999998807907,73.0,253.61424032845994,d796e55a-ed6e-40fe-84db-473e0cb2ecee,minecraft:llama,true,Llama,[null]
-214.5,81.0,253.29023579151095,e72690e1-2753-418b-9059-50f4e3f57c4c,minecraft:skeleton,true,Skeleton,[null]
-161.26044719953353,32.0,260.7754791035545,07d9dd88-5bdd-43d8-b519-9262662f712d,minecraft:skeleton,true,Skeleton,[null]
-163.60629070680537,33.0,259.6624550725309,023b7bc6-adb3-4d22-998c-4a20b5673f9e,minecraft:skeleton,true,Skeleton,[null]
-237.5,-20.0,173.5,dd6be489-29e5-40c4-bc20-122fd74f02df,minecraft:skeleton,true,Skeleton,[null]
-238.5,-20.0,174.5,0382f452-32a2-440d-a386-f6fc1a3d8dfe,minecraft:skeleton,true,Skeleton,[null]
-236.5,-19.0,170.5,988199f5-77e3-4422-9610-2ccfb5ac1237,minecraft:spider,true,Spider,[null]
-71.5,31.0,184.5,dcb3d1e9-f6b6-44b6-9a75-421f6866cdb2,minecraft:zombie,true,Zombie,[null]
-79.03183422620197,70.0,184.03362654868727,ba8aa67e-3181-43cc-9e50-e27882bcc285,minecraft:horse,true,Horse,[null]
-67.43017361998427,80.0,246.64622964516343,2b78bd7b-a19c-48f2-812e-22147def817f,minecraft:llama,true,Llama,[null]
-65.28914882069051,80.0,248.64348166081922,e50f837f-dd3b-480a-88f8-6afb0d86658f,minecraft:llama,true,Llama,[null]
-134.3755370043218,59.97066746139899,273.0532279955223,4518a701-d360-48cd-b717-4f5153fe7185,minecraft:squid,true,Squid,[null]
-135.0488584348932,58.83059074846096,268.65492140874267,49527ecd-88da-4bea-bcae-a935447cb18f,minecraft:squid,true,Squid,[null]
-68.72044574554361,68.0,166.9911490863913,75adafb1-2bbc-47c7-9eb4-f98b436ba5b5,minecraft:horse,true,Horse,[null]
-66.02265028769733,72.0,170.1086489709178,b327f0e1-fdb5-4e69-8e57-8f11e1a67dae,minecraft:horse,true,Horse,[null]
-69.8953987060535,68.0,168.97325335629085,725042da-a202-47df-b1c1-5809d65107fe,minecraft:horse,true,Horse,[null]
-77.23639581641979,64.0,157.3626620266552,d9aa72e4-9303-4b1b-a283-02dfc89f2451,minecraft:horse,true,Horse,[null]
-66.49253872146984,65.0,156.0103622061307,cdac5712-6828-4c38-8ac0-e0d1f6cb1bf0,minecraft:horse,true,Horse,[null]
-232.86422183085233,-2.800000011920929,204.3161993061658,48eba4fc-ac86-4cc5-a2fa-fbbbefaaf212,minecraft:glow_squid,true,Glow Squid,[null]
-231.1353745667992,-4.872309593483806,195.01672196364078,36d62386-efdc-49ae-970d-13cf3c5359aa,minecraft:glow_squid,true,Glow Squid,[null]
-232.12190289143473,-2.800000011920929,197.64245530031621,602db9cb-9851-47fe-8ac4-f1033923955e,minecraft:glow_squid,true,Glow Squid,[null]
-230.76161644555415,-4.755390514153987,197.41350940479907,564d5b24-c49a-4583-967e-88ae67cbed8a,minecraft:glow_squid,true,Glow Squid,[null]
-171.55549943211903,-6.899999976158142,111.75,5192996a-17c5-4368-8d10-a8f5c74446af,minecraft:bat,true,Bat,[null]
-156.5,25.0,110.5,883748ae-3523-40a4-895f-e13d3eb462bd,minecraft:skeleton,true,Skeleton,[null]
-241.5,-20.0,172.5,b475b9da-11a5-4b2c-9b28-b734ef0f9643,minecraft:witch,true,Witch,[null]
-52.86819715901425,77.0,242.90773344246634,d1972521-cc4d-45ea-9fdd-1340b7587aed,minecraft:llama,true,Llama,[null]
-60.14326591599826,82.0,250.61874174305333,4df6afb8-654f-44bb-b5de-d009a565a024,minecraft:llama,true,Llama,[null]
-134.5465542168822,59.74128928454593,282.616777732037,e5b10bc5-9afb-4235-b973-6108a1e85f18,minecraft:squid,true,Squid,[null]
-134.59285258618183,58.46482522552833,272.28548292745836,d6fc1cb6-890b-45a8-8c2f-ca0250539ffb,minecraft:squid,true,Squid,[null]
-135.06810217094608,62.70607583387755,273.6291315574199,0502883e-b19c-4d82-8207-2d6142f05658,minecraft:squid,true,Squid,[null]
-167.2735123094462,-18.0,95.5,06ad3a0f-e30e-490d-8cdb-4bc1d6436dfe,minecraft:creeper,true,Creeper,[null]
-140.88792607700944,64.0,89.48667644403643,7e9cceda-6056-419d-83e9-b9981bcd4607,minecraft:pig,true,Pig,[null]
-133.18995889378053,64.0,94.07778177448643,bc54c3bb-cdd1-4884-9633-33ceb8c26d0a,minecraft:pig,true,Pig,[null]
-257.00715026347416,89.0,240.04239843223647,7a5127e3-0e0b-4fb1-98d4-b86cbfb4c9c2,minecraft:cow,true,Cow,[null]
-252.5,-20.9375,245.5,a62df457-04bf-4f1f-9fbe-1272b2a8c321,minecraft:chest_minecart,true,Minecart with Chest,[null]
-264.1120396135498,70.0,164.50899618367274,bf226e6c-400e-472f-9d32-90a5b3e9da1d,minecraft:chicken,true,Chicken,[null]
-46.24421242213328,78.0,238.24700502192886,a49766f2-4b63-4ddc-9ca4-1dc921a76036,minecraft:llama,true,Llama,[null]
-34.0530512303317,78.0,279.4797344316138,9145df21-35dc-4682-b35c-92810fdd0875,minecraft:llama,true,Llama,[null]
-33.31818405656313,78.0,277.60055475060335,01ebaf02-d5be-43b7-b202-5efdf904d839,minecraft:llama,true,Llama,[null]
-162.75,25.100000023841858,68.25,8741f3b9-8bfd-4e99-8f9b-e8d5b2692f6b,minecraft:bat,true,Bat,[null]
-151.23463904651604,64.0,66.51603402277887,7223b23f-9058-4dd2-a83d-a2d291754e23,minecraft:pig,true,Pig,[null]
-94.5084768672603,68.0,67.0107731330287,1bfc3399-50a1-4aea-8cf7-e96f0ccbf928,minecraft:horse,true,Horse,[null]
-218.04462794277705,64.0,292.0547595769831,6b6a9136-436f-472d-964b-584d8ca2e605,minecraft:cow,true,Cow,[null]
-225.8605149299211,65.0,296.2112906868744,b3bb3ffe-003e-4523-b934-4b6b867f3190,minecraft:cow,true,Cow,[null]
-243.1972056922145,67.0,302.51204924825527,67d0efc9-259e-4472-85ab-727067ef73e2,minecraft:cow,true,Cow,[null]
-267.04451221367333,84.0,240.9374876057602,66521aa3-2b49-4338-9111-b64594d90c96,minecraft:cow,true,Cow,[null]
-48.30000001192093,76.0,64.05840483796088,50f169d0-0eaf-4105-a284-ff245c191b16,minecraft:wolf,true,Wolf,[null]
-47.08162333992495,78.0,68.91862799983238,abfb4b2d-f48d-4fbb-b8d0-0d6fee30afe7,minecraft:wolf,true,Wolf,[null]
-287.3535020922242,75.0,166.2137856921178,06ea2145-b873-44f1-86c2-b784b3db448c,minecraft:chicken,true,Chicken,[null]
-25.928807893468267,79.0,280.0974118922474,922ba290-c4cc-4ca6-80bd-b1b296cb58ca,minecraft:llama,true,Llama,[null]
-273.5533999453984,68.0,176.59631585863167,5b6bc335-4971-4f65-805d-8958c8243387,minecraft:chicken,true,Chicken,[null]
-273.08574086977484,85.0,210.40934307905772,f25592b8-ea8a-4afb-b2f7-56d7a398ada9,minecraft:cow,true,Cow,[null]
-278.55000001192093,83.0,218.66757965078085,352790c3-d480-4634-af4f-0bbd8cdb96a8,minecraft:cow,true,Cow,[null]
-272.05732045635455,85.0,210.32433910362283,d0a9b505-cbd0-4cd9-b812-661cd36dd912,minecraft:cow,true,Cow,[null]
-248.20000000298023,65.0,57.503353411677494,d3ca902e-125e-43f1-a1af-d6c40ea0d623,minecraft:chicken,true,Chicken,[null]
-18.481049592282268,106.0,156.77212235835955,516d0514-facc-4e71-bb9a-09e4008cd4d3,minecraft:llama,true,Llama,[null]
-21.500447645930898,106.0,150.49940962416161,a4c51655-a63b-4663-803b-8c2cdaf63fd6,minecraft:llama,true,Llama,[null]
-49.14434709011318,78.0,311.0273441054449,8db33eee-587f-4dfa-93a2-33934895e288,minecraft:llama,true,Llama,[null]
-51.6236254961472,80.0,319.82409087632084,8ee5c0fc-964c-4530-a65c-fcf8d1f98a40,minecraft:llama,true,Llama,[null]
-40.709456818994425,80.0,313.837603073161,ba66f89d-82ed-47b7-9f6a-c0bb2352a238,minecraft:llama,true,Llama,[null]
-20.59980813187024,84.0,96.68301176403011,8ccbe40f-7865-49b3-8646-e5da8502a0a6,minecraft:wolf,true,Wolf,[null]
-22.75462397181731,78.0,93.69999998807907,eebb0f64-b70a-4cf7-8b31-2ec86cb31b7f,minecraft:wolf,true,Wolf,[null]
-89.07673365901444,70.0,55.99409315331631,e6757716-fe45-43d9-ac25-72b94d708d46,minecraft:horse,true,Horse,[null]
-82.15791653702324,71.0,55.78527067822699,9350f280-3d70-44a6-9b42-7d75a67d96db,minecraft:horse,true,Horse,[null]
-281.5022751823011,83.0,227.24857116640877,fcbcd8d4-7fca-46d2-8551-75dcfb75fb8a,minecraft:cow,true,Cow,[null]
-278.60860580106146,81.0,253.11829111239763,32fe4273-92c6-43f1-8f5d-9c09e742a573,minecraft:cow,true,Cow,[null]
-169.79179103827718,76.0,342.08829027569175,f536978d-3713-469f-8948-d1634c095370,minecraft:llama,true,Llama,[null]
-168.40601535589903,76.0,342.1098905879378,c97d03e1-f315-474d-bd2d-75a283db56ed,minecraft:llama,true,Llama,[null]
-173.13706382086133,76.0,337.3890997304703,70f36384-aad5-4a41-9ece-e20edeb23482,minecraft:llama,true,Llama,[null]
-168.5,75.0,343.5,59d5060b-092e-49a3-b507-6984b1f9d656,minecraft:llama,true,Llama,[null]
-172.3126881883689,76.0,340.0618991000801,e19d2b4a-a829-4b92-bd1e-8b154058e9f4,minecraft:llama,true,Llama,[null]
2.626267351713426,82.0,180.31265141419777,4b8edbcd-6711-431b-937d-cda7c8ccdc94,minecraft:llama,true,Llama,[null]
8.5,82.0,192.5,83249ed1-a07c-4123-94e8-bf80b746459b,minecraft:llama,true,Llama,[null]
9.88909917449647,86.0,195.40379887519188,54a88a1b-03ec-4d31-8e74-3d3f6e934839,minecraft:llama,true,Llama,[null]
8.5,82.0,192.5,5788f421-0e38-443e-84e5-0854ddf88f1a,minecraft:llama,true,Llama,[null]
10.026755507816155,85.0,194.07152023258737,3cf0508e-ea84-4dbb-80d5-3d3b7dfcffe9,minecraft:llama,true,Llama,[null]
5.1678786693268295,99.0,231.1869654693418,32e3b33f-850d-4f4b-8918-a6bb946099ec,minecraft:llama,true,Llama,[null]
4.512129405379422,99.0,228.87409228536805,89ee795a-6229-4285-b490-584471d7cc63,minecraft:llama,true,Llama,[null]
0.9853809850205362,97.0,228.5,6de50a88-0dd8-4dc9-8df7-f64f0c73ebb0,minecraft:llama,true,Llama,[null]
3.091461167640909,98.0,228.5,ba0ea112-8053-4410-b48d-fc23a695bf02,minecraft:llama,true,Llama,[null]
0.39978164757381873,94.0,310.10754767983224,c068ba5e-8729-4723-8466-4134c7bcbf0d,minecraft:llama,true,Llama,[null]
4.0013413698332725,102.0,306.0462424976449,712ed7c0-6fac-49b8-ac59-de549c60357c,minecraft:llama,true,Llama,[null]
5.560577821563667,101.0,307.8727903340834,fb44eba9-75d0-42c2-bd95-f25f1ab5a9fd,minecraft:llama,true,Llama,[null]
-304.62768383636995,70.0,160.70805432622387,6e725ca5-2e45-487a-b7b6-658626612dba,minecraft:chicken,true,Chicken,[null]
-301.43800584714694,70.0,161.32086523725826,2474241d-929e-4164-a1d9-b9803da8f793,minecraft:chicken,true,Chicken,[null]
-290.52802525085167,66.0,189.5283186931961,3bb599eb-d5c7-41b4-9b33-a7d02ce36bda,minecraft:chicken,true,Chicken,[null]
-310.5,78.0,197.5,46716d97-a0ff-46a2-9017-1a2dfc7155c4,minecraft:chicken,true,Chicken,[null]
-307.5,79.0,197.5,b1c31043-97d7-4752-a4f8-cee1994f0a59,minecraft:chicken,true,Chicken,[null]
-309.5,78.0,199.5,f78c941a-cfd5-4329-8b78-3c4f7a1c1035,minecraft:chicken,true,Chicken,[null]
-309.46668749625223,78.0,196.08181498365434,3cc30829-41ff-40fd-bbf4-abbd02528f94,minecraft:chicken,true,Chicken,[null]
-309.8536320662125,77.0,207.54899160175256,bfe0e16b-201c-4ddf-bce8-eebd2f2dc565,minecraft:chicken,true,Chicken,[null]
-306.5000058722705,76.0,211.50365016176792,68925e3c-3b9f-4086-a1a4-d369d16a00cf,minecraft:chicken,true,Chicken,[null]
-309.7322413676171,77.0,209.90213356831578,1bdc804e-c594-4658-98dd-40df1d883e79,minecraft:chicken,true,Chicken,[null]
-307.5,77.0,209.5,6087d9ea-7c18-4c6b-b049-b070f5c3c210,minecraft:chicken,true,Chicken,[null]
-78.49947472355397,84.0,327.4735805477939,fa061c01-e556-49e2-854f-b533f72b6850,minecraft:llama,true,Llama,[null]
-57.51271207671576,80.0,338.9779868529085,87d4baa0-2bb9-45c6-b041-016951a7f776,minecraft:llama,true,Llama,[null]
-57.5,80.0,341.091461167641,bb0229f8-cfb6-4463-9467-b2acb4d0c9b4,minecraft:llama,true,Llama,[null]
-58.14387924400079,80.0,336.63368060223195,c6a2b7c6-c49e-4c67-94bf-b3ae868850e5,minecraft:llama,true,Llama,[null]
-52.39643219775338,80.0,336.0138316618411,0e098bc2-5e31-4780-895e-e655b22d1a06,minecraft:llama,true,Llama,[null]
-55.14394933736087,80.0,336.03594673480393,156d752a-5771-4c26-8142-488eabd70ba6,minecraft:llama,true,Llama,[null]
-56.499446925767394,80.0,336.0295048013492,0e6414f1-c269-4c7b-a68d-ff7e9b4e023d,minecraft:llama,true,Llama,[null]
-250.51894641265352,67.0,31.875908053427544,e299763f-d284-46c6-a0d0-a6e38cd40c8d,minecraft:chicken,true,Chicken,[null]
-213.86175372968944,64.0,16.081607781505628,0b2bc415-82cd-4b09-b6b3-6ebf1aabe04e,minecraft:chicken,true,Chicken,[null]
-194.9927742488134,64.0,18.00723348636615,58556f95-d774-428e-99b9-11746b8154d4,minecraft:pig,true,Pig,[null]
-196.40862134594062,64.0,18.079452311452545,5dbd8f81-e7d3-4911-bdaa-41ee3e8207b8,minecraft:pig,true,Pig,[null]
-257.8002227129149,67.0,29.580685975208148,2e2e25db-88e5-4b50-b5c1-a8fa1323a05a,minecraft:chicken,true,Chicken,[null]
-258.5,67.0,31.5,c16a853c-eccd-4a31-8c67-5172ac34d766,minecraft:chicken,true,Chicken,[null]
-260.5,66.0,30.5,d0b6b5d0-9565-4b83-8468-f33432d27142,minecraft:chicken,true,Chicken,[null]
-261.47394795024223,66.0,29.888921670804447,8af25868-a130-49c9-b379-4e1063ad2a81,minecraft:chicken,true,Chicken,[null]
-52.73754988424281,80.0,328.001520273702,606d8eaa-2705-46f2-adc5-762fe790e6b7,minecraft:llama,true,Llama,[null]
-144.48854920232432,67.0,43.79501277941986,17442193-201b-4347-a6d7-9316b49ee7b8,minecraft:pig,true,Pig,[null]
-105.98538098502054,67.0,22.014619014979463,a39aefef-7c7f-4091-a439-25908500ff1d,minecraft:horse,true,Horse,[null]
-109.2681765772665,67.0,20.356632372244786,2c13ec49-3a2a-4e06-b677-6d27fa2cd36d,minecraft:horse,true,Horse,[null]
-97.64422142135808,69.0,25.660178689876982,965d202a-e898-4989-843a-3b58e7f08ef7,minecraft:horse,true,Horse,[null]
-109.60589138889115,67.0,31.932790022397754,ab5f67f9-49ca-4a26-a29d-ea5164e919e3,minecraft:horse,true,Horse,[null]
-111.20411933038967,67.0,31.985913774858084,1cd45515-a9a9-47be-b138-43c046400d54,minecraft:horse,true,Horse,[null]
-205.87607008064595,65.0,336.12493909963064,fb062088-9cc0-4042-ad76-9738b617107a,minecraft:cow,true,Cow,[null]
-208.66753370053897,65.0,336.37360067251797,39dd836e-58d4-4e0b-bf7c-b95cab345fd7,minecraft:cow,true,Cow,[null]
-210.39835934425315,65.0,336.05119394732833,41238d49-66b8-4811-b1ff-be78952bcd64,minecraft:cow,true,Cow,[null]
-214.57593870288716,65.0,336.1662684207256,83bc6088-c26b-4254-861c-6ec06ed4c88c,minecraft:cow,true,Cow,[null]
-250.5,75.0,336.5,81f653e1-3546-4e9e-8ec8-6dfeb3078739,minecraft:cow,true,Cow,[null]
-249.5,75.0,336.5,0399ae5d-da9a-41aa-b324-4507d07137af,minecraft:cow,true,Cow,[null]
-254.5,73.0,338.95085363685314,9d2ca800-4089-4d8f-aee7-04452e7efd49,minecraft:cow,true,Cow,[null]
-252.5,74.0,337.5,8cd0ae8f-c757-4c2d-958a-e4bc13d90e5c,minecraft:cow,true,Cow,[null]
-255.71429896480947,72.0,339.12436150843087,fec94005-7c4d-4202-9888-c89396a37111,minecraft:cow,true,Cow,[null]
-248.20498778557265,76.0,336.0602205490478,03774692-6213-4546-a6d7-21f8aff9cc51,minecraft:cow,true,Cow,[null]
-251.1972139159885,68.0,328.5116743152727,73bfe809-cb69-41b7-811f-2f0c871e1f7d,minecraft:cow,true,Cow,[null]
-258.5,71.0,338.5,21cc8464-afa3-479d-9127-a743b5f6a722,minecraft:cow,true,Cow,[null]
-274.44959694236644,69.0,336.4087166129278,8cf90e9e-a396-47bd-87df-e79531950e35,minecraft:cow,true,Cow,[null]
-304.36078729908405,78.0,255.6188556657411,5c9a76f9-0919-480d-88ae-88f8fe2a7047,minecraft:cow,true,Cow,[null]
7.700901724308838,66.0,28.872828412940017,ed082835-c6cb-4285-9657-d2427a795567,minecraft:horse,true,Horse,[null]
12.159670243585207,66.0,29.850419271995182,169c367e-879b-4189-ba9f-15b01e0274a8,minecraft:horse,true,Horse,[null]
-154.5,78.0,367.44999998807907,be9b771f-1640-4eba-bde4-90612a488286,minecraft:cow,true,Cow,[null]
-154.5,76.0,362.5,baddf1a2-9ebc-4921-b3e9-6d959c181188,minecraft:cow,true,Cow,[null]
-323.73544148369353,63.0,98.71533933584719,005f3dea-582d-47f6-996d-e24bf4f98c32,minecraft:chicken,true,Chicken,[null]
-322.26904246083524,63.0,98.30857054482202,657c217d-180f-480a-840b-10a6f8d936c9,minecraft:chicken,true,Chicken,[null]
-323.5,63.0,99.5,b3df2e71-eb60-4762-b75c-360ddd1021b7,minecraft:chicken,true,Chicken,[null]
30.5,104.0,244.5,9a4240c8-2538-4512-af83-1519337f455a,minecraft:llama,true,Llama,[null]
-256.5,70.0,11.5,f660999f-6da0-4bd2-8530-304ebc317f98,minecraft:chicken,true,Chicken,[null]
-255.5,70.0,10.764297718435156,2bb4b777-99d3-4445-a6f7-267ad613575e,minecraft:chicken,true,Chicken,[null]
-253.55814248917596,69.0,7.361718629527044,611d2479-7116-4447-a6f8-5a704ee7b970,minecraft:chicken,true,Chicken,[null]
-254.5,70.0,13.5,c5774c24-72c4-4cf5-a388-9c5f474f4e95,minecraft:chicken,true,Chicken,[null]
-214.5,63.0,9.5,3b8df87e-edec-411d-97ac-be10288e7c03,minecraft:chicken,true,Chicken,[null]
-213.5071520382308,63.0,10.325162355161355,fd0602e8-5b4a-4554-a174-6dc971e61664,minecraft:chicken,true,Chicken,[null]
-213.5,64.0,13.5,c3197cbb-aea2-4b6e-abc4-2b1c130324e0,minecraft:chicken,true,Chicken,[null]
-199.5,64.0,10.5,380b8ca3-9687-4e1a-904e-3c1bb97ce0d8,minecraft:pig,true,Pig,[null]
-196.5,64.0,12.5,7b65a560-65b0-487d-828e-fdd7c2d2d355,minecraft:pig,true,Pig,[null]
20.087379900812135,71.0,92.94819551053911,1de973e6-2aef-4181-8f0d-6f7a8a22cf99,minecraft:horse,true,Horse,[null]
-96.65365466610142,70.0,6.009172586402414,b123189a-e97b-422e-abd2-7d24eb5b5e3a,minecraft:horse,true,Horse,[null]
-93.3017578125,70.0,9.919195623238867,94c6ba24-2249-4a73-a78a-5fcb06608664,minecraft:horse,true,Horse,[null]
-91.58326358353514,70.0,11.3017578125,06778680-0647-473a-abe8-614ef3aa4f23,minecraft:horse,true,Horse,[null]
-92.89912396656827,70.0,7.4644288267847605,2a24db64-7b24-42d2-b49a-904516c7809f,minecraft:horse,true,Horse,[null]
-94.86949203201877,70.0,6.723281892508995,cddad8db-d6ea-486f-8527-bf8d3600c34b,minecraft:horse,true,Horse,[null]
-10.875663011985157,69.0,13.917265953750828,8d68acd6-075c-48c8-a5e9-0ace70c7f615,minecraft:horse,true,Horse,[null]
-5.500860624616499,70.0,1.7250672985359459,8c8d299a-3ad4-49c9-8f4d-73104f8957fe,minecraft:horse,true,Horse,[null]
-4.4498042032037555,70.0,0.5280619735244046,10434c8c-46c5-4d67-8276-8a3959889904,minecraft:horse,true,Horse,[null]
26.140242595017313,66.0,24.985803179277244,c4bc480b-5b7e-4445-aa9d-1209dc64fcb4,minecraft:horse,true,Horse,[null]
16.674833105676576,66.0,26.890284145784747,8c5db69a-85ee-428e-abbf-ab3b5dd9ceda,minecraft:horse,true,Horse,[null]
17.163805569310586,65.0,18.92587389476869,81259774-52fd-4b77-a029-69f75c9776c5,minecraft:horse,true,Horse,[null]
18.916596577642764,65.0,17.024137159580683,4456ec86-42e6-4bba-8ec0-8fe8b4ef78a8,minecraft:horse,true,Horse,[null]
18.701994512440677,65.0,19.762495715128168,f05bb639-6990-4fdd-a389-7349f62671b0,minecraft:horse,true,Horse,[null]
24.56297371691523,67.0,3.7737000233687743,55ea17bd-3e16-4926-80f4-4f8ecd926c9a,minecraft:horse,true,Horse,[null]
28.137444395717917,66.0,8.930177311814639,dd393576-8006-458e-a073-a5c89d2a645e,minecraft:horse,true,Horse,[null]
29.735013157709496,66.0,10.811664854795119,88824d6b-b2b2-45c4-b95f-cad26cc33d9d,minecraft:horse,true,Horse,[null]
25.65655416463199,67.0,2.637627382765462,e2b0649b-1631-4894-8da5-2ff24f045938,minecraft:horse,true,Horse,[null]
27.236669291548342,65.0,15.997641318433935,e62ab798-dc4d-4490-8d15-97f3724db79d,minecraft:horse,true,Horse,[null]
-302.3420644896366,69.0,161.37775699932746,1c0dce7f-b1c8-487a-9d2d-5e416e80c04d,minecraft:item,true,Egg,[null]
