x,y,z,visibility,load_status,entity_count
-9,-2,14,TICKING,LOADED,1
-5,4,9,TICKING,LOADED,2
-2,4,5,TICKING,LOADED,1
-10,-1,14,TICKING,LOADED,1
-6,4,4,TICKING,LOADED,1
-20,4,15,TRACKED,LOADED,1
-13,4,15,TICKING,LOADED,3
-11,-4,10,TICKING,LOADED,1
-11,-2,10,TICKING,LOADED,2
-12,4,9,TICKING,LOADED,1
-11,-1,6,TICKING,LOADED,1
-16,4,3,TICKING,LOADED,1
-6,4,3,TICKING,LOADED,2
-14,-2,10,TICKING,LOADED,1
-15,-1,12,TICKING,LOADED,4
-4,4,15,TICKING,LOADED,1
-4,5,15,TICKING,LOADED,1
-10,4,11,TICKING,LOADED,1
-10,-2,11,TICKING,LOADED,6
1,4,5,TRACKED,LOADED,1
-18,4,10,TICKING,LOADED,1
0,5,11,TRACKED,LOADED,1
1,4,0,TRACKED,LOADED,5
-17,4,0,TRACKED,LOADED,1
-11,4,11,TICKING,LOADED,1
-11,-3,11,TICKING,LOADED,2
-11,-2,11,TICKING,LOADED,4
-20,4,10,TRACKED,LOADED,1
-18,5,15,TICKING,LOADED,1
-13,-2,10,TICKING,LOADED,1
-7,-1,7,TICKING,LOADED,1
-14,4,21,TRACKED,LOADED,3
-9,1,8,TICKING,LOADED,4
-14,4,1,TRACKED,LOADED,1
-3,5,19,TICKING,LOADED,1
-11,1,4,TICKING,LOADED,1
-10,1,6,TICKING,LOADED,1
-17,4,1,TRACKED,LOADED,4
-11,5,12,TICKING,LOADED,1
-6,4,10,TICKING,LOADED,2
-13,4,1,TRACKED,LOADED,2
-9,3,17,TICKING,LOADED,4
-2,6,9,TICKING,LOADED,2
-13,7,14,TICKING,LOADED,3
-13,-2,14,TICKING,LOADED,2
-15,-2,10,TICKING,LOADED,3
-9,4,9,TICKING,LOADED,1
-7,4,1,TRACKED,LOADED,5
-8,-1,15,TICKING,LOADED,1
-10,-2,10,TICKING,LOADED,1
-4,5,20,TICKING,LOADED,1
-14,6,11,TICKING,LOADED,1
-20,4,12,TRACKED,LOADED,5
-15,4,18,TICKING,LOADED,1
-17,5,15,TICKING,LOADED,2
-10,4,2,TICKING,LOADED,1
-12,6,13,TICKING,LOADED,1
-17,4,10,TICKING,LOADED,1
-14,3,0,TRACKED,LOADED,2
-14,4,0,TRACKED,LOADED,1
-21,3,6,TRACKED,LOADED,3
-14,5,15,TICKING,LOADED,1
-6,4,0,TRACKED,LOADED,4
0,5,12,TRACKED,LOADED,4
-9,-4,12,TICKING,LOADED,1
-14,-2,9,TICKING,LOADED,4
-10,-2,7,TICKING,LOADED,2
-10,-1,7,TICKING,LOADED,2
-2,4,17,TICKING,LOADED,1
-10,5,12,TICKING,LOADED,1
-14,-1,14,TICKING,LOADED,1
-18,5,13,TICKING,LOADED,3
-4,4,4,TICKING,LOADED,1
-6,5,15,TICKING,LOADED,1
-16,4,20,TICKING,LOADED,1
-11,-1,14,TICKING,LOADED,2
-20,4,13,TRACKED,LOADED,3
-16,4,1,TRACKED,LOADED,1
-14,-1,12,TICKING,LOADED,1
-7,4,0,TRACKED,LOADED,1
-16,-2,15,TICKING,LOADED,1
-19,4,11,TICKING,LOADED,1
-9,4,7,TICKING,LOADED,1
-9,-1,7,TICKING,LOADED,3
0,4,1,TRACKED,LOADED,2
-17,4,21,TRACKED,LOADED,1
-9,2,15,TICKING,LOADED,1
-9,-2,15,TICKING,LOADED,2
-10,4,4,TICKING,LOADED,1
-3,4,14,TICKING,LOADED,1
-16,4,0,TRACKED,LOADED,3
-5,4,10,TICKING,LOADED,3
1,6,15,TRACKED,LOADED,1
-7,4,9,TICKING,LOADED,2
-19,4,10,TICKING,LOADED,2
-5,5,15,TICKING,LOADED,2
-14,5,13,TICKING,LOADED,1
-3,4,17,TICKING,LOADED,2
-14,-2,8,TICKING,LOADED,1
-4,4,19,TICKING,LOADED,1
-4,5,19,TICKING,LOADED,1
-10,-4,13,TICKING,LOADED,1
-10,4,8,TICKING,LOADED,1
-10,-2,8,TICKING,LOADED,2
0,6,14,TRACKED,LOADED,4
-16,4,21,TRACKED,LOADED,6
-13,4,21,TRACKED,LOADED,1
-12,-2,10,TICKING,LOADED,1
-12,6,11,TICKING,LOADED,1
-12,-2,11,TICKING,LOADED,2
-11,2,16,TICKING,LOADED,2
-5,1,11,TICKING,LOADED,1
-5,4,11,TICKING,LOADED,1
-18,4,11,TICKING,LOADED,1
-13,6,13,TICKING,LOADED,1
-13,7,13,TICKING,LOADED,6
-14,4,18,TICKING,LOADED,1
-6,4,9,TICKING,LOADED,1
-16,-2,10,TICKING,LOADED,1
-10,4,22,TRACKED,LOADED,2
-4,5,21,TRACKED,LOADED,6
-1,4,0,TRACKED,LOADED,3
-10,-3,9,TICKING,LOADED,2
-10,-2,9,TICKING,LOADED,1
-16,4,18,TICKING,LOADED,1
-3,4,4,TICKING,LOADED,1
-9,4,5,TICKING,LOADED,2
1,4,1,TRACKED,LOADED,5
-11,-2,5,TICKING,LOADED,1
-18,5,14,TICKING,LOADED,1
-18,4,21,TRACKED,LOADED,1
-13,4,0,TRACKED,LOADED,2
0,5,19,TRACKED,LOADED,1
0,6,19,TRACKED,LOADED,2
-2,5,6,TICKING,LOADED,1
-8,-2,11,TICKING,LOADED,1
-5,5,20,TICKING,LOADED,1
-11,4,21,TRACKED,LOADED,5
-9,3,16,TICKING,LOADED,1
